label,y,file_name,key
0,hotdog,0,hotdognothotdogfull/hotdog_000.jpg,6709ae85-ed98-408b-8f4e-328ccbb9dce7.jpg
1,hotdog,0,hotdognothotdogfull/hotdog_001.jpg,1e237de0-faea-48c2-88f1-0ff7aac523c6.jpg
2,hotdog,0,hotdognothotdogfull/hotdog_002.jpg,f1c1e4d4-c918-40a7-92c2-c6ed744f76cc.jpg
3,hotdog,0,hotdognothotdogfull/hotdog_003.jpg,54f72d22-0b55-40f1-a707-bfc9bf741a19.jpg
4,hotdog,0,hotdognothotdogfull/hotdog_004.jpg,b141d34b-80f0-4b86-a80d-e35f53a6a48b.jpg
5,hotdog,0,hotdognothotdogfull/hotdog_005.jpg,d0599881-6b99-4f9e-b557-9a4b39755060.jpg
6,hotdog,0,hotdognothotdogfull/hotdog_006.jpg,bd51db26-d465-4084-bde8-f910cb5fe932.jpg
7,hotdog,0,hotdognothotdogfull/hotdog_007.jpg,786e92b5-5314-42c4-92b1-12dbe6fbe532.jpg
8,hotdog,0,hotdognothotdogfull/hotdog_008.jpg,83f4fad7-3179-4dd1-bb98-ac67f3a52547.jpg
9,hotdog,0,hotdognothotdogfull/hotdog_009.jpg,50a41930-663a-492a-b8ce-3999a5098e02.jpg
10,hotdog,0,hotdognothotdogfull/hotdog_010.jpg,519c018b-51af-47e5-bb0e-b66611f7b162.jpg
11,hotdog,0,hotdognothotdogfull/hotdog_011.jpg,df5245a8-579b-4e05-a3e5-3a86a9ec6b52.jpg
12,hotdog,0,hotdognothotdogfull/hotdog_012.jpg,4c3616d0-d6ef-490f-8eb6-c993d2e79b24.jpg
13,hotdog,0,hotdognothotdogfull/hotdog_013.jpg,ee45abad-4f1f-47b4-a71f-cef44f29ff4f.jpg
14,hotdog,0,hotdognothotdogfull/hotdog_014.jpg,f5620a21-07d0-415d-9275-b8362f85b3d4.jpg
15,hotdog,0,hotdognothotdogfull/hotdog_015.jpg,bb76f512-616b-4ab8-8d58-d4f1dbe10ea2.jpg
16,hotdog,0,hotdognothotdogfull/hotdog_016.jpg,89a527bb-06fd-40a9-bc69-895f47e02bdf.jpg
17,hotdog,0,hotdognothotdogfull/hotdog_017.jpg,23d313f2-5644-47e0-9ec9-de1b68bb977a.jpg
18,hotdog,0,hotdognothotdogfull/hotdog_018.jpg,6408ac69-5b27-4b39-b992-28471e92947d.jpg
19,hotdog,0,hotdognothotdogfull/hotdog_019.jpg,7c5f046d-4164-4452-9524-741f78b9bec5.jpg
20,hotdog,0,hotdognothotdogfull/hotdog_020.jpg,3007b5e7-93f5-48e0-8bb5-6ab989d726cf.jpg
21,hotdog,0,hotdognothotdogfull/hotdog_021.jpg,22f95154-0c89-44ac-89ae-42ff6ef68e30.jpg
22,hotdog,0,hotdognothotdogfull/hotdog_022.jpg,80786a92-71f1-43cc-803d-89387e379dde.jpg
23,hotdog,0,hotdognothotdogfull/hotdog_023.jpg,bb837d7e-4a92-4126-9d7f-a76bd4cb9a70.jpg
24,hotdog,0,hotdognothotdogfull/hotdog_024.jpg,4964ea44-9b6b-43fc-9484-400f4ce559b6.jpg
25,hotdog,0,hotdognothotdogfull/hotdog_025.jpg,6666de11-0807-4986-a383-8a20ce77404c.jpg
26,hotdog,0,hotdognothotdogfull/hotdog_026.jpg,87c1930e-0c03-4d88-b522-e9bcf23183cc.jpg
27,hotdog,0,hotdognothotdogfull/hotdog_027.jpg,087e711b-d593-497d-9eb4-22e14a1945c8.jpg
28,hotdog,0,hotdognothotdogfull/hotdog_028.jpg,f34fd8cc-464c-4c15-96cd-f22af3f54bfe.jpg
29,hotdog,0,hotdognothotdogfull/hotdog_029.jpg,646b89e5-ae81-487c-b52f-82cf84a916bc.jpg
30,hotdog,0,hotdognothotdogfull/hotdog_030.jpg,45e98978-b428-489c-b3c5-8c0a22096f5c.jpg
31,hotdog,0,hotdognothotdogfull/hotdog_031.jpg,f007d51e-edd5-40c3-9cdf-2be55edf6ef4.jpg
32,hotdog,0,hotdognothotdogfull/hotdog_032.jpg,392ec013-43c7-4a87-9d29-e8da5019dbd0.jpg
33,hotdog,0,hotdognothotdogfull/hotdog_033.jpg,c6c9a9b2-153a-43f2-86cf-8b5fa867fde5.jpg
34,hotdog,0,hotdognothotdogfull/hotdog_034.jpg,e138370e-487a-44a1-98cf-bf02454f3101.jpg
35,hotdog,0,hotdognothotdogfull/hotdog_035.jpg,aacbd75e-9bf8-40ba-90d5-c4691691e90e.jpg
36,hotdog,0,hotdognothotdogfull/hotdog_036.jpg,db4345b5-f391-43ce-aa26-c10be4ce3d1d.jpg
37,hotdog,0,hotdognothotdogfull/hotdog_037.jpg,d31a4109-0ade-411a-9d36-7f4492d5b790.jpg
38,hotdog,0,hotdognothotdogfull/hotdog_038.jpg,78700000-b8be-4ec9-9b9f-9966f56344b2.jpg
39,hotdog,0,hotdognothotdogfull/hotdog_039.jpg,54c60d8e-f2d0-436f-8448-37b78ea0651d.jpg
40,hotdog,0,hotdognothotdogfull/hotdog_040.jpg,08a65ed5-f0b1-43a5-a1ed-dfaa0542cee2.jpg
41,hotdog,0,hotdognothotdogfull/hotdog_041.jpg,1a13fef4-ee3f-41da-9317-2d2b208560b9.jpg
42,hotdog,0,hotdognothotdogfull/hotdog_042.jpg,2d6fe77c-6046-429f-b706-0da133f22bb0.jpg
43,hotdog,0,hotdognothotdogfull/hotdog_043.jpg,430cfe5d-29dc-4bde-a538-8d39fe9bef51.jpg
44,hotdog,0,hotdognothotdogfull/hotdog_044.jpg,815ea667-fff2-4944-9e79-22633a56a989.jpg
45,hotdog,0,hotdognothotdogfull/hotdog_045.jpg,32b83834-ffef-4526-a3d6-c68fefb56a64.jpg
46,hotdog,0,hotdognothotdogfull/hotdog_046.jpg,777def04-1933-407f-af0e-be858ec43779.jpg
47,hotdog,0,hotdognothotdogfull/hotdog_047.jpg,afba3e85-1ecd-4593-a444-d52fe7524e5c.jpg
48,hotdog,0,hotdognothotdogfull/hotdog_048.jpg,999f41e9-e111-4afe-b53e-dde147d1d715.jpg
49,hotdog,0,hotdognothotdogfull/hotdog_049.jpg,fbc256bb-7581-4d88-906f-fd04ab2116fa.jpg
50,hotdog,0,hotdognothotdogfull/hotdog_050.jpg,7f311f1a-060f-4310-8d8c-02f1b3541b66.jpg
51,hotdog,0,hotdognothotdogfull/hotdog_051.jpg,142d63f5-7fed-4527-8ba8-8a0c0e431d62.jpg
52,hotdog,0,hotdognothotdogfull/hotdog_052.jpg,aed723d1-cde6-4faf-95f2-9420c3ffd456.jpg
53,hotdog,0,hotdognothotdogfull/hotdog_053.jpg,f2f244ae-0a00-4a64-ad71-4543356c246f.jpg
54,hotdog,0,hotdognothotdogfull/hotdog_054.jpg,77c40d7c-e34f-4e19-9a94-c971b49e5504.jpg
55,hotdog,0,hotdognothotdogfull/hotdog_055.jpg,33a7e693-9cbc-4277-8f27-1eeeb6bf0e71.jpg
56,hotdog,0,hotdognothotdogfull/hotdog_056.jpg,e022103b-5b17-4746-becb-68611d3e9cc4.jpg
57,hotdog,0,hotdognothotdogfull/hotdog_057.jpg,15a2f31e-bc45-49ce-9b48-1521905c8e0a.jpg
58,hotdog,0,hotdognothotdogfull/hotdog_058.jpg,b11923fc-77be-4200-9803-6b1f3e573e1d.jpg
59,hotdog,0,hotdognothotdogfull/hotdog_059.jpg,18516686-27f9-47a4-bf1b-8ede05e51a00.jpg
60,hotdog,0,hotdognothotdogfull/hotdog_060.jpg,2e483ba6-3931-4a95-9fa9-c814db2971bc.jpg
61,hotdog,0,hotdognothotdogfull/hotdog_061.jpg,cd5c9d7e-eff0-4b39-a480-a0ef5acb9eef.jpg
62,hotdog,0,hotdognothotdogfull/hotdog_062.jpg,a6aa46e8-9485-4c0a-9e1a-c469d1641cd2.jpg
63,hotdog,0,hotdognothotdogfull/hotdog_063.jpg,645153af-166a-486c-964a-0eb120d60488.jpg
64,hotdog,0,hotdognothotdogfull/hotdog_064.jpg,0f4345bc-a890-440a-98b7-8e8292b1920a.jpg
65,hotdog,0,hotdognothotdogfull/hotdog_065.jpg,eb577537-8ed4-4ac2-bf2c-725b9f313c25.jpg
66,hotdog,0,hotdognothotdogfull/hotdog_066.jpg,df7e6056-71ea-4fc9-8263-5ca0d7f753c3.jpg
67,hotdog,0,hotdognothotdogfull/hotdog_067.jpg,cd23bc63-f01e-4c3a-9460-682227453f1b.jpg
68,hotdog,0,hotdognothotdogfull/hotdog_068.jpg,579c98ef-87a6-4eec-8578-d1a20108d4a8.jpg
69,hotdog,0,hotdognothotdogfull/hotdog_069.jpg,21a33a33-6edd-41e0-8baf-daef6c73f0ee.jpg
70,hotdog,0,hotdognothotdogfull/hotdog_070.jpg,e22e2e0a-b4e6-487f-95fd-3f94c63d6793.jpg
71,hotdog,0,hotdognothotdogfull/hotdog_071.jpg,0137dd69-1cfd-4b21-89f0-0387e93c6ff3.jpg
72,hotdog,0,hotdognothotdogfull/hotdog_072.jpg,29372ccc-826d-4116-adfc-ebb5645771d8.jpg
73,hotdog,0,hotdognothotdogfull/hotdog_073.jpg,68cbb7d7-4a9b-4f8a-8602-af581eb714a2.jpg
74,hotdog,0,hotdognothotdogfull/hotdog_074.jpg,cc699278-7f6f-42d2-a544-0bf024386a5d.jpg
75,hotdog,0,hotdognothotdogfull/hotdog_075.jpg,8d3e1268-b98c-445d-b0fe-f36ca2cd04dd.jpg
76,hotdog,0,hotdognothotdogfull/hotdog_076.jpg,f8c94555-7506-4241-9dac-ee7fb2e71698.jpg
77,hotdog,0,hotdognothotdogfull/hotdog_077.jpg,573b3cec-3c13-43b9-9b90-c07a5ce27eb2.jpg
78,hotdog,0,hotdognothotdogfull/hotdog_078.jpg,f7a960fc-ee25-4af3-b308-c4a8ccc33f00.jpg
79,hotdog,0,hotdognothotdogfull/hotdog_079.jpg,091ad96c-76a5-468b-8075-298960815be7.jpg
80,hotdog,0,hotdognothotdogfull/hotdog_080.jpg,3348871f-bcd3-43e2-b96a-24aada84a977.jpg
81,hotdog,0,hotdognothotdogfull/hotdog_081.jpg,7c303719-ac4c-49b5-8102-743b3ec09452.jpg
82,hotdog,0,hotdognothotdogfull/hotdog_082.jpg,d9d7edb7-8a4b-433f-8a9f-1c12732b2d91.jpg
83,hotdog,0,hotdognothotdogfull/hotdog_083.jpg,7d0f4307-9654-47fa-b213-bf1caef196e3.jpg
84,hotdog,0,hotdognothotdogfull/hotdog_084.jpg,1c16d6ac-fa11-46f3-8a2f-80cbb0cc7b4e.jpg
85,hotdog,0,hotdognothotdogfull/hotdog_085.jpg,33330d02-47ee-4b09-8cfd-33544bf72f74.jpg
86,hotdog,0,hotdognothotdogfull/hotdog_086.jpg,e8d64d22-3abd-4939-b444-3994070b60dc.jpg
87,hotdog,0,hotdognothotdogfull/hotdog_087.jpg,ef0c3d13-4289-4fb6-8540-986faf39827a.jpg
88,hotdog,0,hotdognothotdogfull/hotdog_088.jpg,2bdb55c3-9006-400c-8c33-bf58b9352eba.jpg
89,hotdog,0,hotdognothotdogfull/hotdog_089.jpg,1b0c1330-26d9-4374-8761-f3a8b440c4f1.jpg
90,hotdog,0,hotdognothotdogfull/hotdog_090.jpg,4d6b221f-9453-4f78-a574-aa4c18db4f10.jpg
91,hotdog,0,hotdognothotdogfull/hotdog_091.jpg,e650b01b-ca6b-48c5-99b2-5511ed7ee725.jpg
92,hotdog,0,hotdognothotdogfull/hotdog_092.jpg,956a2196-2494-4c5a-9c00-aff910793afb.jpg
93,hotdog,0,hotdognothotdogfull/hotdog_093.jpg,5c109d7a-e7cc-4558-b1cd-9e627d7d2029.jpg
94,hotdog,0,hotdognothotdogfull/hotdog_094.jpg,52839870-2893-4771-b9f7-3031ff12f166.jpg
95,hotdog,0,hotdognothotdogfull/hotdog_095.jpg,073bb4cb-9c2c-43f8-8474-c76d089fbb8b.jpg
96,hotdog,0,hotdognothotdogfull/hotdog_096.jpg,65716372-1815-45cc-b678-d2df1502c1d0.jpg
97,hotdog,0,hotdognothotdogfull/hotdog_097.jpg,ed8c88e9-96b3-466c-a56d-f81c3c8a741a.jpg
98,hotdog,0,hotdognothotdogfull/hotdog_098.jpg,0ca5f7bb-f93f-457d-a5f2-87326d38bdda.jpg
99,hotdog,0,hotdognothotdogfull/hotdog_099.jpg,a08216f0-6045-4c53-86a9-00773088e720.jpg
100,hotdog,0,hotdognothotdogfull/hotdog_100.jpg,eefac3ce-bfba-401e-a41a-1331917bb8ae.jpg
101,hotdog,0,hotdognothotdogfull/hotdog_101.jpg,16ee7605-796e-4b60-b8e9-06a8444b95dd.jpg
102,hotdog,0,hotdognothotdogfull/hotdog_102.jpg,4d8f023a-ef76-4276-8c1a-a760368e2249.jpg
103,hotdog,0,hotdognothotdogfull/hotdog_103.jpg,f52805bc-b222-4437-8a6f-15b00c196c0c.jpg
104,hotdog,0,hotdognothotdogfull/hotdog_104.jpg,98b8778b-65c4-4c25-a70d-1a495ef1ac2a.jpg
105,hotdog,0,hotdognothotdogfull/hotdog_105.jpg,9e8a33c8-d281-4cfc-8979-9aae6fb9a9f8.jpg
106,hotdog,0,hotdognothotdogfull/hotdog_106.jpg,60269259-8ece-4383-bce8-2359a703b82c.jpg
107,hotdog,0,hotdognothotdogfull/hotdog_107.jpg,8ebc9272-8541-4281-898b-1c85fb159eb1.jpg
108,hotdog,0,hotdognothotdogfull/hotdog_108.jpg,ced093c2-261c-4151-8412-279eddb50770.jpg
109,hotdog,0,hotdognothotdogfull/hotdog_109.jpg,829209ad-3590-40d6-a2bf-441d03b2b82a.jpg
110,hotdog,0,hotdognothotdogfull/hotdog_110.jpg,a7b30712-b625-4411-9e66-49c92167fa4a.jpg
111,hotdog,0,hotdognothotdogfull/hotdog_111.jpg,ecb30cac-7600-49c0-aebc-129c5815b55d.jpg
112,hotdog,0,hotdognothotdogfull/hotdog_112.jpg,4f71b5bd-f499-4bcc-bceb-79c3b715c758.jpg
113,hotdog,0,hotdognothotdogfull/hotdog_113.jpg,16a54768-f81a-48b2-868d-76db0c22aa3f.jpg
114,hotdog,0,hotdognothotdogfull/hotdog_114.jpg,4ae37e48-d26c-440a-9fca-197fd3369fa9.jpg
115,hotdog,0,hotdognothotdogfull/hotdog_115.jpg,4c2616a6-228e-49a0-8b28-09ebd9554ef5.jpg
116,hotdog,0,hotdognothotdogfull/hotdog_116.jpg,b116dd8a-810f-41e2-ac1e-e92d89ab3110.jpg
117,hotdog,0,hotdognothotdogfull/hotdog_117.jpg,ecfc8665-a090-436b-a713-91f08f938ff8.jpg
118,hotdog,0,hotdognothotdogfull/hotdog_118.jpg,8c7f163f-f528-4c70-be5d-9cec28c67855.jpg
119,hotdog,0,hotdognothotdogfull/hotdog_119.jpg,992ac37a-72f3-48e8-b9a3-bbd682f43dad.jpg
120,hotdog,0,hotdognothotdogfull/hotdog_120.jpg,9562fe38-6a0c-4849-a15b-0090e7a00584.jpg
121,hotdog,0,hotdognothotdogfull/hotdog_121.jpg,89bc9880-1004-4812-bdff-8171b70ab2e0.jpg
122,hotdog,0,hotdognothotdogfull/hotdog_122.jpg,ee9f2f50-a93b-40c0-80de-301436f30cae.jpg
123,hotdog,0,hotdognothotdogfull/hotdog_123.jpg,c8f7cf50-fb5b-4458-a2a1-b64e371e5451.jpg
124,hotdog,0,hotdognothotdogfull/hotdog_124.jpg,69eb4a50-11ac-43bc-8072-2917cf7deeba.jpg
125,hotdog,0,hotdognothotdogfull/hotdog_125.jpg,efe368f4-2ac9-4a79-8239-8f4e9984b155.jpg
126,hotdog,0,hotdognothotdogfull/hotdog_126.jpg,3cc25edc-f4ef-4337-92de-19ecca368699.jpg
127,hotdog,0,hotdognothotdogfull/hotdog_127.jpg,33e977d3-bdc5-4146-8d6e-e34845dec305.jpg
128,hotdog,0,hotdognothotdogfull/hotdog_128.jpg,dd153773-39fd-4f0a-a739-a52ce0885e9c.jpg
129,hotdog,0,hotdognothotdogfull/hotdog_129.jpg,52b5f131-7628-4565-8d28-4744b2892179.jpg
130,hotdog,0,hotdognothotdogfull/hotdog_130.jpg,0b47d260-5566-40da-ada6-a144e93717ec.jpg
131,hotdog,0,hotdognothotdogfull/hotdog_131.jpg,83f1c817-0496-41a1-bc70-c5e65bc0778f.jpg
132,hotdog,0,hotdognothotdogfull/hotdog_132.jpg,3019ff4b-a9dc-4130-affd-f6720bf45e49.jpg
133,hotdog,0,hotdognothotdogfull/hotdog_133.jpg,60a2b09c-c7cf-4f73-9658-ffab2abda22c.jpg
134,hotdog,0,hotdognothotdogfull/hotdog_134.jpg,19b6840e-11fb-4730-ba5f-0440d7e3b8ad.jpg
135,hotdog,0,hotdognothotdogfull/hotdog_135.jpg,1f710997-3aef-41c1-a57a-9b5ec4d23408.jpg
136,hotdog,0,hotdognothotdogfull/hotdog_136.jpg,e0d6131f-0fdb-4ebd-b3ad-ade41f60aa9a.jpg
137,hotdog,0,hotdognothotdogfull/hotdog_137.jpg,c7259188-4246-4e72-b6c4-8af4bef83084.jpg
138,hotdog,0,hotdognothotdogfull/hotdog_138.jpg,6e97bf74-30a3-4ec8-ab91-6dc9382073f8.jpg
139,hotdog,0,hotdognothotdogfull/hotdog_139.jpg,7206f9d8-bf30-40fd-9cab-ebd767f71bc0.jpg
140,hotdog,0,hotdognothotdogfull/hotdog_140.jpg,2b48415b-073c-4e08-8b31-9046a1e50ff3.jpg
141,hotdog,0,hotdognothotdogfull/hotdog_141.jpg,3d9621d6-afb8-46ab-afcd-2a14c13b6de8.jpg
142,hotdog,0,hotdognothotdogfull/hotdog_142.jpg,16487daf-45ff-4036-96d2-18e0af944ff0.jpg
143,hotdog,0,hotdognothotdogfull/hotdog_143.jpg,5b7b27c4-1f9d-4f96-bd67-78e029cd169a.jpg
144,hotdog,0,hotdognothotdogfull/hotdog_144.jpg,bd0fdaca-ab02-4a31-9516-4ebd301db1e1.jpg
145,hotdog,0,hotdognothotdogfull/hotdog_145.jpg,519b6a6d-7b2a-405d-a60c-7fa8e9b80590.jpg
146,hotdog,0,hotdognothotdogfull/hotdog_146.jpg,0ce3ab8b-d41f-45ec-a402-262fa61227bd.jpg
147,hotdog,0,hotdognothotdogfull/hotdog_147.jpg,6270b6f7-391e-4387-8642-b110ffd8c062.jpg
148,hotdog,0,hotdognothotdogfull/hotdog_148.jpg,5abad745-d5d7-4586-92c3-ad7bfeaaa5d9.jpg
149,hotdog,0,hotdognothotdogfull/hotdog_149.jpg,e1626fcc-129d-49e8-a9cc-dda1391ff01f.jpg
150,hotdog,0,hotdognothotdogfull/hotdog_150.jpg,c8038b94-ce1c-4d53-b1c1-6f1be5d29a1a.jpg
151,hotdog,0,hotdognothotdogfull/hotdog_151.jpg,494bea27-872a-4284-b80f-d711f3675132.jpg
152,hotdog,0,hotdognothotdogfull/hotdog_152.jpg,cf423023-9e9f-4ec9-a4a5-4a5190c716b3.jpg
153,hotdog,0,hotdognothotdogfull/hotdog_153.jpg,50f2fe8e-e9e5-4769-9afb-221cb5196761.jpg
154,hotdog,0,hotdognothotdogfull/hotdog_154.jpg,2591326d-6ef7-4969-9bce-207557d99117.jpg
155,hotdog,0,hotdognothotdogfull/hotdog_155.jpg,83471cc1-f750-4028-bb25-8e24dd1bdb0c.jpg
156,hotdog,0,hotdognothotdogfull/hotdog_156.jpg,d693cff1-9a0f-454e-b6a4-6e03ce14c453.jpg
157,hotdog,0,hotdognothotdogfull/hotdog_157.jpg,1858fe72-1312-45e2-a8a8-9b8454327601.jpg
158,hotdog,0,hotdognothotdogfull/hotdog_158.jpg,540f62c1-dbe5-44c1-b6ea-50d94cb034e6.jpg
159,hotdog,0,hotdognothotdogfull/hotdog_159.jpg,600bc5bb-1a48-497c-b2e3-e06f9af17917.jpg
160,hotdog,0,hotdognothotdogfull/hotdog_160.jpg,27947cba-82dd-4032-8ee2-ce6846554914.jpg
161,hotdog,0,hotdognothotdogfull/hotdog_161.jpg,b5cc4d06-d5e6-40d2-9ab8-adae3b91f1bd.jpg
162,hotdog,0,hotdognothotdogfull/hotdog_162.jpg,51782bf6-7dfe-4337-bd1c-bdf7db79a022.jpg
163,hotdog,0,hotdognothotdogfull/hotdog_163.jpg,a8b32938-4b37-4409-9f59-ff209f797c47.jpg
164,hotdog,0,hotdognothotdogfull/hotdog_164.jpg,a372e199-06c3-485b-ac17-deeda59dd297.jpg
165,hotdog,0,hotdognothotdogfull/hotdog_165.jpg,7da4cd23-8198-40b2-9225-e777f214f487.jpg
166,hotdog,0,hotdognothotdogfull/hotdog_166.jpg,054529b8-369b-4199-8724-db746252fbea.jpg
167,hotdog,0,hotdognothotdogfull/hotdog_167.jpg,6c2ff741-5c95-4e57-99c2-30ff150d8dff.jpg
168,hotdog,0,hotdognothotdogfull/hotdog_168.jpg,b1b99c0b-8804-481d-8131-459b572c6c8e.jpg
169,hotdog,0,hotdognothotdogfull/hotdog_169.jpg,0eacf585-55c6-47ca-975c-bc19a84d6ae7.jpg
170,hotdog,0,hotdognothotdogfull/hotdog_170.jpg,e9c74142-b739-4f0a-9dfc-76ec21bd1040.jpg
171,hotdog,0,hotdognothotdogfull/hotdog_171.jpg,9809cf26-33b2-4315-bad9-da59b58b460f.jpg
172,hotdog,0,hotdognothotdogfull/hotdog_172.jpg,713b948f-89f9-49bc-a935-524647122506.jpg
173,hotdog,0,hotdognothotdogfull/hotdog_173.jpg,5fddd47c-36a9-43da-bf01-1d25b2e59538.jpg
174,hotdog,0,hotdognothotdogfull/hotdog_174.jpg,c891547d-67c2-4c65-ae56-deeff7cadd65.jpg
175,hotdog,0,hotdognothotdogfull/hotdog_175.jpg,9425388a-a3d6-4c43-adbd-49944ed3213d.jpg
176,hotdog,0,hotdognothotdogfull/hotdog_176.jpg,7255313b-fa6d-4459-bd0f-62bb0341d63a.jpg
177,hotdog,0,hotdognothotdogfull/hotdog_177.jpg,df73cf3f-94bd-48cf-ae7c-f197ed6d5978.jpg
178,hotdog,0,hotdognothotdogfull/hotdog_178.jpg,f0735e01-7570-47c8-a0c0-6284eee40db2.jpg
179,hotdog,0,hotdognothotdogfull/hotdog_179.jpg,bcb225cf-4fe5-4935-be05-b686f8ab4168.jpg
180,hotdog,0,hotdognothotdogfull/hotdog_180.jpg,d4c754fa-58a0-42e1-9190-82ba01337b14.jpg
181,hotdog,0,hotdognothotdogfull/hotdog_181.jpg,cc1362a4-f2af-49f6-a36f-f21a57ac0d99.jpg
182,hotdog,0,hotdognothotdogfull/hotdog_182.jpg,875f1dd6-1c3c-44ac-9ff2-e43a393f45ab.jpg
183,hotdog,0,hotdognothotdogfull/hotdog_183.jpg,4d74d42f-7d6d-4ce9-badb-0b6d5a13d444.jpg
184,hotdog,0,hotdognothotdogfull/hotdog_184.jpg,d6a411ca-000c-4093-a7f1-1fc7daea87a4.jpg
185,hotdog,0,hotdognothotdogfull/hotdog_185.jpg,0444d5ba-4786-4ddc-a2c9-0b9c24bc63b8.jpg
186,hotdog,0,hotdognothotdogfull/hotdog_186.jpg,d05e2659-b78d-4d1a-8689-32923ced8a0a.jpg
187,hotdog,0,hotdognothotdogfull/hotdog_187.jpg,f37cdcbb-c203-4203-a567-63d586fda573.jpg
188,hotdog,0,hotdognothotdogfull/hotdog_188.jpg,36a0d791-194e-40b1-bb00-1ba54f4cb91e.jpg
189,hotdog,0,hotdognothotdogfull/hotdog_189.jpg,a300dcc3-4d57-4f7a-96f0-511a47715ec4.jpg
190,hotdog,0,hotdognothotdogfull/hotdog_190.jpg,07374147-a769-404b-b640-9189ae6b627b.jpg
191,hotdog,0,hotdognothotdogfull/hotdog_191.jpg,236acb91-2668-41bf-ba26-30cb89e5ca95.jpg
192,hotdog,0,hotdognothotdogfull/hotdog_192.jpg,94236ad1-4c13-42cc-856a-08436143c01d.jpg
193,hotdog,0,hotdognothotdogfull/hotdog_193.jpg,0bd50ef7-95b1-4a9c-a748-2ea7d4110789.jpg
194,hotdog,0,hotdognothotdogfull/hotdog_194.jpg,85f429fd-d2c1-4e50-80f3-7a57f98b7e45.jpg
195,hotdog,0,hotdognothotdogfull/hotdog_195.jpg,a686f9d7-0998-4763-807e-37581d4a5503.jpg
196,hotdog,0,hotdognothotdogfull/hotdog_196.jpg,c87d6546-8f9d-42cf-a512-cc55c2d6edff.jpg
197,hotdog,0,hotdognothotdogfull/hotdog_197.jpg,d28aaa09-8d58-41aa-bd92-216f6edbd533.jpg
198,hotdog,0,hotdognothotdogfull/hotdog_198.jpg,23216712-20cc-41c9-822d-aff425dc763f.jpg
199,hotdog,0,hotdognothotdogfull/hotdog_199.jpg,801abda4-81af-4138-8964-f0048d9b74e6.jpg
200,hotdog,0,hotdognothotdogfull/hotdog_200.jpg,111e7a9b-146c-4553-a5ce-04f436483c6f.jpg
201,hotdog,0,hotdognothotdogfull/hotdog_201.jpg,5ed308c3-e7cc-4aa1-be0c-f74acc40b9f2.jpg
202,hotdog,0,hotdognothotdogfull/hotdog_202.jpg,741a74bf-1b74-4105-bc6e-1416f693b0f7.jpg
203,hotdog,0,hotdognothotdogfull/hotdog_203.jpg,5f4bf293-5d45-4999-9bc3-50eb75d58b49.jpg
204,hotdog,0,hotdognothotdogfull/hotdog_204.jpg,a08b8786-367f-44b4-ac73-26a0adcc4bb5.jpg
205,hotdog,0,hotdognothotdogfull/hotdog_205.jpg,d6a7ae43-fd2d-479d-ab8b-263b7b6e1386.jpg
206,hotdog,0,hotdognothotdogfull/hotdog_206.jpg,9ed3cb8b-c34b-4473-808c-6afb92dda78b.jpg
207,hotdog,0,hotdognothotdogfull/hotdog_207.jpg,9864f3f4-04a9-4706-91d0-a7092ed591b2.jpg
208,hotdog,0,hotdognothotdogfull/hotdog_208.jpg,4a3d9c8d-a539-41f2-afbe-66e711bd8cd0.jpg
209,hotdog,0,hotdognothotdogfull/hotdog_209.jpg,35584e75-e3e9-48c9-a05b-7f799d3dd961.jpg
210,hotdog,0,hotdognothotdogfull/hotdog_210.jpg,6e1d2cc7-7d3f-401d-97bb-0b599ac658d2.jpg
211,hotdog,0,hotdognothotdogfull/hotdog_211.jpg,07480676-8b0a-4c42-8f00-707f8ae452ba.jpg
212,hotdog,0,hotdognothotdogfull/hotdog_212.jpg,33352a15-305a-4050-8812-bac668efb6a5.jpg
213,hotdog,0,hotdognothotdogfull/hotdog_213.jpg,1eef15f4-7ea9-44db-9d37-d4309b61f3d1.jpg
214,hotdog,0,hotdognothotdogfull/hotdog_214.jpg,97024c39-43aa-4443-8e96-0e6f90480120.jpg
215,hotdog,0,hotdognothotdogfull/hotdog_215.jpg,3d99c812-f0ad-47e8-bf7f-7e64efa62d5e.jpg
216,hotdog,0,hotdognothotdogfull/hotdog_216.jpg,7583a49a-5c16-4095-9731-1e370ca5ea64.jpg
217,hotdog,0,hotdognothotdogfull/hotdog_217.jpg,0287c7fa-afc3-4ae5-a50a-4a4588e93c28.jpg
218,hotdog,0,hotdognothotdogfull/hotdog_218.jpg,c39ee430-324f-402e-8a4e-c230f0326c59.jpg
219,hotdog,0,hotdognothotdogfull/hotdog_219.jpg,9c75f91a-7b61-4e14-9ccc-d46071162185.jpg
220,hotdog,0,hotdognothotdogfull/hotdog_220.jpg,977ed92b-407a-4b55-b828-fe5d49a067f4.jpg
221,hotdog,0,hotdognothotdogfull/hotdog_221.jpg,72344f1a-9f74-4a9b-824c-0d74e2bd3f4a.jpg
222,hotdog,0,hotdognothotdogfull/hotdog_222.jpg,776f59a2-9f54-4d84-8b88-57a998aa9bf4.jpg
223,hotdog,0,hotdognothotdogfull/hotdog_223.jpg,28545a1a-8862-40d9-ae3c-62a4a1fd313e.jpg
224,hotdog,0,hotdognothotdogfull/hotdog_224.jpg,0d00e015-d224-479d-b116-b0b388b71233.jpg
225,hotdog,0,hotdognothotdogfull/hotdog_225.jpg,6113e8e8-f065-4503-b384-d528c3327c2d.jpg
226,hotdog,0,hotdognothotdogfull/hotdog_226.jpg,91ecbd03-e851-47a7-9c83-39af84fe9421.jpg
227,hotdog,0,hotdognothotdogfull/hotdog_227.jpg,a5425a30-109e-460d-8550-57d84da8698c.jpg
228,hotdog,0,hotdognothotdogfull/hotdog_228.jpg,c7c6fb0f-43e6-48da-806f-a355a44971ad.jpg
229,hotdog,0,hotdognothotdogfull/hotdog_229.jpg,85a0eecc-4936-4244-a052-02ae0d685b17.jpg
230,hotdog,0,hotdognothotdogfull/hotdog_230.jpg,6fed7b1f-f2ae-4ca3-925d-412581ea35c8.jpg
231,hotdog,0,hotdognothotdogfull/hotdog_231.jpg,f5016e2d-ee64-4eb4-bc33-46bad657d9eb.jpg
232,hotdog,0,hotdognothotdogfull/hotdog_232.jpg,2608d303-60a0-42cb-8290-defe985cf5d9.jpg
233,hotdog,0,hotdognothotdogfull/hotdog_233.jpg,92113d2f-b1d8-48b6-a9e7-249bc39f7bea.jpg
234,hotdog,0,hotdognothotdogfull/hotdog_234.jpg,e3b2ad80-afd6-45c6-a926-46a69c469b08.jpg
235,hotdog,0,hotdognothotdogfull/hotdog_235.jpg,2970c11a-06da-44b5-914f-acb1b018714f.jpg
236,hotdog,0,hotdognothotdogfull/hotdog_236.jpg,35cea2e4-5100-4d98-ba93-eaa803d366ba.jpg
237,hotdog,0,hotdognothotdogfull/hotdog_237.jpg,d5d783f5-47fd-4b1c-a722-be7356b271f8.jpg
238,hotdog,0,hotdognothotdogfull/hotdog_238.jpg,c294e668-8609-4ea0-b29e-085ee586b8b4.jpg
239,hotdog,0,hotdognothotdogfull/hotdog_239.jpg,6a0ec391-7eae-4581-a52c-7cf16194417d.jpg
240,hotdog,0,hotdognothotdogfull/hotdog_240.jpg,6c7902e8-6dd6-4d2c-9b47-fef949c1fa22.jpg
241,hotdog,0,hotdognothotdogfull/hotdog_241.jpg,081fee30-229e-473e-b7d5-f1f2b7717763.jpg
242,hotdog,0,hotdognothotdogfull/hotdog_242.jpg,145432c0-20c3-471b-9831-4e6f4e3f9155.jpg
243,hotdog,0,hotdognothotdogfull/hotdog_243.jpg,734f1caf-ca01-4c23-a63a-1004efaa04d9.jpg
244,hotdog,0,hotdognothotdogfull/hotdog_244.jpg,35bb52a5-3000-49fe-af7b-ec48671c3b9f.jpg
245,hotdog,0,hotdognothotdogfull/hotdog_245.jpg,29b99ef2-5c04-41d2-863b-e7b2feec4f88.jpg
246,hotdog,0,hotdognothotdogfull/hotdog_246.jpg,0922519e-46c8-4028-906f-581d2cb19217.jpg
247,hotdog,0,hotdognothotdogfull/hotdog_247.jpg,421d9119-6bd6-4720-baa1-73afb7f67fac.jpg
248,hotdog,0,hotdognothotdogfull/hotdog_248.jpg,59f22561-2f69-4b0f-9c80-94312eafe546.jpg
249,not_hotdog,1,hotdognothotdogfull/nothotdog_000.jpg,ef5f2748-24d8-46fc-9486-d8bfd13c719b.jpg
250,not_hotdog,1,hotdognothotdogfull/nothotdog_001.jpg,4c1cec0c-ec8f-4fe4-945d-bfa1f588bdb5.jpg
251,not_hotdog,1,hotdognothotdogfull/nothotdog_002.jpg,52b19e0f-1cb4-4436-9d6f-3b63f9973083.jpg
252,not_hotdog,1,hotdognothotdogfull/nothotdog_003.jpg,5e759d35-f04a-4047-b0d8-01fee9d6e262.jpg
253,not_hotdog,1,hotdognothotdogfull/nothotdog_004.jpg,14c4147c-ded6-49ac-9707-604b22505352.jpg
254,not_hotdog,1,hotdognothotdogfull/nothotdog_005.jpg,7c83534f-5154-4a41-a31e-263ea6b89b84.jpg
255,not_hotdog,1,hotdognothotdogfull/nothotdog_006.jpg,3aa6bd1b-038d-4924-9d70-4e5bdf8b604f.jpg
256,not_hotdog,1,hotdognothotdogfull/nothotdog_007.jpg,47ec5ebf-893b-49cf-abcf-5fce4346977f.jpg
257,not_hotdog,1,hotdognothotdogfull/nothotdog_008.jpg,1cb8dafd-780e-4635-91be-18021ffd2862.jpg
258,not_hotdog,1,hotdognothotdogfull/nothotdog_009.jpg,c86122c2-60f1-4591-8ee8-ae3d3264f5f9.jpg
259,not_hotdog,1,hotdognothotdogfull/nothotdog_010.jpg,55dec56a-d0cb-4ced-97f4-9d51095826c4.jpg
260,not_hotdog,1,hotdognothotdogfull/nothotdog_011.jpg,6b1a2962-6cc5-4086-9b75-08ce3d7f1ed9.jpg
261,not_hotdog,1,hotdognothotdogfull/nothotdog_012.jpg,916a14df-f5c3-4309-b7ce-c1da6ec32691.jpg
262,not_hotdog,1,hotdognothotdogfull/nothotdog_013.jpg,aac49a5b-2083-4f0a-8d63-e9ac211fa8d4.jpg
263,not_hotdog,1,hotdognothotdogfull/nothotdog_014.jpg,382ff143-dea1-4cd9-ae8a-bd997bed325f.jpg
264,not_hotdog,1,hotdognothotdogfull/nothotdog_015.jpg,610d336c-739c-40b4-974c-5c9c43f3205b.jpg
265,not_hotdog,1,hotdognothotdogfull/nothotdog_016.jpg,0314bbb3-a37c-432f-b1e7-4e39cf217eed.jpg
266,not_hotdog,1,hotdognothotdogfull/nothotdog_017.jpg,dbbe6364-30f3-4319-ae6d-6b3514af98ae.jpg
267,not_hotdog,1,hotdognothotdogfull/nothotdog_018.jpg,c6dab9e0-6da3-4490-8077-1e6cbef808b8.jpg
268,not_hotdog,1,hotdognothotdogfull/nothotdog_019.jpg,771dedab-83e2-4312-aef7-33eee88eac74.jpg
269,not_hotdog,1,hotdognothotdogfull/nothotdog_020.jpg,f32750c8-56db-405b-b0e2-d2def92abbc8.jpg
270,not_hotdog,1,hotdognothotdogfull/nothotdog_021.jpg,94576afb-f620-467f-b53d-5bf87e8c886e.jpg
271,not_hotdog,1,hotdognothotdogfull/nothotdog_022.jpg,dd09ec82-8754-46bb-8c06-96933e1c8958.jpg
272,not_hotdog,1,hotdognothotdogfull/nothotdog_023.jpg,04e8eac7-0c58-456b-99f5-f924d972083f.jpg
273,not_hotdog,1,hotdognothotdogfull/nothotdog_024.jpg,e36df062-2d5a-4c0e-b26c-f7d96fe45dfd.jpg
274,not_hotdog,1,hotdognothotdogfull/nothotdog_025.jpg,2600b1cc-ce19-48ca-a668-7e18c4abf0c1.jpg
275,not_hotdog,1,hotdognothotdogfull/nothotdog_026.jpg,721a4577-3f9a-45b3-a541-ee21ade2404d.jpg
276,not_hotdog,1,hotdognothotdogfull/nothotdog_027.jpg,33cf1c7f-206b-4af8-b0b3-6eccf16473df.jpg
277,not_hotdog,1,hotdognothotdogfull/nothotdog_028.jpg,71638916-fcb0-44bd-824b-1cd0874915b3.jpg
278,not_hotdog,1,hotdognothotdogfull/nothotdog_029.jpg,0151dae8-4f5f-4e4b-be7d-a4f6dcc69906.jpg
279,not_hotdog,1,hotdognothotdogfull/nothotdog_030.jpg,68561ae3-8148-4cdc-a160-10e2c1d940d0.jpg
280,not_hotdog,1,hotdognothotdogfull/nothotdog_031.jpg,3051827c-4fb2-475c-8e39-d48cbc4bbdcf.jpg
281,not_hotdog,1,hotdognothotdogfull/nothotdog_032.jpg,fa49149c-47ff-466a-bd5c-3b0df41facc4.jpg
282,not_hotdog,1,hotdognothotdogfull/nothotdog_033.jpg,92bb04c4-8833-4366-8d95-ff4dfe3915ab.jpg
283,not_hotdog,1,hotdognothotdogfull/nothotdog_034.jpg,a4287712-3403-43e9-ad57-7991acc13449.jpg
284,not_hotdog,1,hotdognothotdogfull/nothotdog_035.jpg,a6241a57-5d35-4b68-911d-d71d3536c639.jpg
285,not_hotdog,1,hotdognothotdogfull/nothotdog_036.jpg,f8a1aa23-c2b6-4fc4-8fc9-25ccb6231f6c.jpg
286,not_hotdog,1,hotdognothotdogfull/nothotdog_037.jpg,e0e273ed-5825-4592-a8b6-f948a8f7d712.jpg
287,not_hotdog,1,hotdognothotdogfull/nothotdog_038.jpg,451a0a24-47f7-44b7-84d3-024ce604988f.jpg
288,not_hotdog,1,hotdognothotdogfull/nothotdog_039.jpg,f78f1466-944e-4a04-8c8a-05206c396439.jpg
289,not_hotdog,1,hotdognothotdogfull/nothotdog_040.jpg,cb83b2e7-893b-4a60-90e6-cb872abb5d20.jpg
290,not_hotdog,1,hotdognothotdogfull/nothotdog_041.jpg,6c7ff92a-b8bc-4ce3-b2b8-44de4e00e2b5.jpg
291,not_hotdog,1,hotdognothotdogfull/nothotdog_042.jpg,ae4f4fff-ebe9-471f-a753-5ac5a136c271.jpg
292,not_hotdog,1,hotdognothotdogfull/nothotdog_043.jpg,83fd772f-eec4-441c-9f0c-8018928de9b4.jpg
293,not_hotdog,1,hotdognothotdogfull/nothotdog_044.jpg,33d8e630-f386-4d3f-b5f0-7932adfffb5e.jpg
294,not_hotdog,1,hotdognothotdogfull/nothotdog_045.jpg,743bbef5-3323-4a48-a642-7ba5eabcdb3a.jpg
295,not_hotdog,1,hotdognothotdogfull/nothotdog_046.jpg,e1926c52-15b5-4a5c-ae97-a1ec47063bf1.jpg
296,not_hotdog,1,hotdognothotdogfull/nothotdog_047.jpg,8d8d9725-3009-4930-9160-b506ad5300b9.jpg
297,not_hotdog,1,hotdognothotdogfull/nothotdog_048.jpg,b8ade4a1-a8a2-464e-bb43-6ae5669c0a4e.jpg
298,not_hotdog,1,hotdognothotdogfull/nothotdog_049.jpg,e881b5c6-b1a9-4266-9473-de36cbd9c60e.jpg
299,not_hotdog,1,hotdognothotdogfull/nothotdog_050.jpg,3fd61aef-04c9-4f5e-bfa4-77b9a1fae09b.jpg
300,not_hotdog,1,hotdognothotdogfull/nothotdog_051.jpg,5af6b779-816c-4622-bc85-30dd8b1b1f6f.jpg
301,not_hotdog,1,hotdognothotdogfull/nothotdog_052.jpg,44cf360b-cf0a-49c4-bc7b-c809f9cdc8a0.jpg
302,not_hotdog,1,hotdognothotdogfull/nothotdog_053.jpg,ac43e12d-7ec6-49a3-8b0f-d3cbd5b4cdd0.jpg
303,not_hotdog,1,hotdognothotdogfull/nothotdog_054.jpg,5afc6ae9-ad9a-4b14-af09-75a7e115d61c.jpg
304,not_hotdog,1,hotdognothotdogfull/nothotdog_055.jpg,57619dbf-4a12-43d8-bf7d-9d5f3a2b856e.jpg
305,not_hotdog,1,hotdognothotdogfull/nothotdog_056.jpg,fb336579-7650-4812-9e09-27342a33ec19.jpg
306,not_hotdog,1,hotdognothotdogfull/nothotdog_057.jpg,152df193-3a93-463d-a8bf-2b1258de8dfc.jpg
307,not_hotdog,1,hotdognothotdogfull/nothotdog_058.jpg,138b85ff-51c5-41a0-b36d-ef21969b2793.jpg
308,not_hotdog,1,hotdognothotdogfull/nothotdog_059.jpg,ab12477d-08c0-4edd-bd9d-999171f0a644.jpg
309,not_hotdog,1,hotdognothotdogfull/nothotdog_060.jpg,ba7d3033-10a4-4bd5-8f2f-7aa6a02518d2.jpg
310,not_hotdog,1,hotdognothotdogfull/nothotdog_061.jpg,db975ed5-4fad-473e-8aa6-22889ae43df2.jpg
311,not_hotdog,1,hotdognothotdogfull/nothotdog_062.jpg,86ecf31e-311e-46df-abfd-54a8ec82ab9e.jpg
312,not_hotdog,1,hotdognothotdogfull/nothotdog_063.jpg,808759d3-3f47-4efa-ae18-dc72276cfd7e.jpg
313,not_hotdog,1,hotdognothotdogfull/nothotdog_064.jpg,9b5c6088-80a1-4d49-8f02-15526d5196b5.jpg
314,not_hotdog,1,hotdognothotdogfull/nothotdog_065.jpg,fb0aecf4-21ae-4650-a851-82b751077c78.jpg
315,not_hotdog,1,hotdognothotdogfull/nothotdog_066.jpg,39d28c0c-4110-4a9c-a8b4-bd89ccf1999b.jpg
316,not_hotdog,1,hotdognothotdogfull/nothotdog_067.jpg,042a8ad9-cd75-42b3-91a4-b1d34f935a6c.jpg
317,not_hotdog,1,hotdognothotdogfull/nothotdog_068.jpg,c755f974-831e-4497-bb57-853bd67529d5.jpg
318,not_hotdog,1,hotdognothotdogfull/nothotdog_069.jpg,a4b9073a-649b-4e0d-9770-483b324a02b7.jpg
319,not_hotdog,1,hotdognothotdogfull/nothotdog_070.jpg,917343e8-f8e5-4c16-8239-24f2940a039c.jpg
320,not_hotdog,1,hotdognothotdogfull/nothotdog_071.jpg,245c0a65-c534-47de-82d1-0dd742119740.jpg
321,not_hotdog,1,hotdognothotdogfull/nothotdog_072.jpg,2800cda7-07d9-4783-bb36-bbabf1b50736.jpg
322,not_hotdog,1,hotdognothotdogfull/nothotdog_073.jpg,5ac89e66-66a5-49d8-82d9-40476612a843.jpg
323,not_hotdog,1,hotdognothotdogfull/nothotdog_074.jpg,fea3c9ff-903f-4b48-8cd7-6d4cd146cd73.jpg
324,not_hotdog,1,hotdognothotdogfull/nothotdog_075.jpg,e298d0cc-e93d-4464-825f-9b8c7d48bde5.jpg
325,not_hotdog,1,hotdognothotdogfull/nothotdog_076.jpg,a0ae4c81-cfb2-4a43-a44c-218afd595473.jpg
326,not_hotdog,1,hotdognothotdogfull/nothotdog_077.jpg,70f358ce-91a2-4a02-9b1a-a2e528b50864.jpg
327,not_hotdog,1,hotdognothotdogfull/nothotdog_078.jpg,0a8d221e-6862-4f8b-83fa-be4fd365d8a8.jpg
328,not_hotdog,1,hotdognothotdogfull/nothotdog_079.jpg,4a780db0-ae6e-42ac-84d3-5efd4f36447e.jpg
329,not_hotdog,1,hotdognothotdogfull/nothotdog_080.jpg,3ea25d56-848e-41e4-8e86-a12d7cde1420.jpg
330,not_hotdog,1,hotdognothotdogfull/nothotdog_081.jpg,3eb8d07c-f800-4776-b8bb-0b5edd5c9f60.jpg
331,not_hotdog,1,hotdognothotdogfull/nothotdog_082.jpg,d3be6965-a170-4026-bf17-bf0c5a5af36a.jpg
332,not_hotdog,1,hotdognothotdogfull/nothotdog_083.jpg,f6fd2bc0-3660-489f-b36d-ab8881e95885.jpg
333,not_hotdog,1,hotdognothotdogfull/nothotdog_084.jpg,d1b1dce2-9c9e-4193-9e18-7fb9d0a303ac.jpg
334,not_hotdog,1,hotdognothotdogfull/nothotdog_085.jpg,110fdcb8-3737-4496-acac-4331b80ebb8b.jpg
335,not_hotdog,1,hotdognothotdogfull/nothotdog_086.jpg,f2feabd2-2940-4f1c-838d-6e31e3a3ec30.jpg
336,not_hotdog,1,hotdognothotdogfull/nothotdog_087.jpg,a9b0169a-fe13-4870-a360-f87a990a7bbc.jpg
337,not_hotdog,1,hotdognothotdogfull/nothotdog_088.jpg,1695d776-266f-4107-bf57-00910750b90d.jpg
338,not_hotdog,1,hotdognothotdogfull/nothotdog_089.jpg,34501015-e068-4e92-b94a-4370c7f4420e.jpg
339,not_hotdog,1,hotdognothotdogfull/nothotdog_090.jpg,18545ddb-edfb-431b-89fa-fd9d289139ff.jpg
340,not_hotdog,1,hotdognothotdogfull/nothotdog_091.jpg,bc29f04c-438c-4790-8bb7-e26da53679ce.jpg
341,not_hotdog,1,hotdognothotdogfull/nothotdog_092.jpg,8c98cb8e-74f3-4262-b315-302dbc6084c8.jpg
342,not_hotdog,1,hotdognothotdogfull/nothotdog_093.jpg,013e9b7c-9173-462a-abf6-b88904c017ae.jpg
343,not_hotdog,1,hotdognothotdogfull/nothotdog_094.jpg,974b26b1-52d2-4deb-98e5-f95ef3082ec0.jpg
344,not_hotdog,1,hotdognothotdogfull/nothotdog_095.jpg,be6a27c6-035b-4404-845e-6501a2674f19.jpg
345,not_hotdog,1,hotdognothotdogfull/nothotdog_096.jpg,0213bd13-dfdd-4438-9fde-f6146ea69062.jpg
346,not_hotdog,1,hotdognothotdogfull/nothotdog_097.jpg,0d000830-03f8-49d4-8361-0aafeb1454bf.jpg
347,not_hotdog,1,hotdognothotdogfull/nothotdog_098.jpg,c2730885-94fe-45e0-a853-15ba8cc13998.jpg
348,not_hotdog,1,hotdognothotdogfull/nothotdog_099.jpg,5fff1d59-7145-4bd0-9ec6-5c6bc5b26c27.jpg
349,not_hotdog,1,hotdognothotdogfull/nothotdog_100.jpg,613888b6-a8c7-44f8-b5d4-0e168b7ce0df.jpg
350,not_hotdog,1,hotdognothotdogfull/nothotdog_101.jpg,0f322927-ad8d-4415-9680-8246bdd9b9b7.jpg
351,not_hotdog,1,hotdognothotdogfull/nothotdog_102.jpg,52d1e5a6-ec53-4634-be61-e69ead669398.jpg
352,not_hotdog,1,hotdognothotdogfull/nothotdog_103.jpg,f1e83dbb-701e-4c0d-8bc4-dcfd6d0cbb46.jpg
353,not_hotdog,1,hotdognothotdogfull/nothotdog_104.jpg,201a8223-577c-4a4e-847a-fb3ea391248b.jpg
354,not_hotdog,1,hotdognothotdogfull/nothotdog_105.jpg,d1d58a0b-db18-4680-9a71-79776a1a5bd4.jpg
355,not_hotdog,1,hotdognothotdogfull/nothotdog_106.jpg,33a0cc68-54f3-434f-97a3-25e2b595c697.jpg
356,not_hotdog,1,hotdognothotdogfull/nothotdog_107.jpg,9d1e34bd-78d5-46b7-b3d2-d855d3b982df.jpg
357,not_hotdog,1,hotdognothotdogfull/nothotdog_108.jpg,0ca7e6a3-6162-4224-90c8-ba3d5ea1010c.jpg
358,not_hotdog,1,hotdognothotdogfull/nothotdog_109.jpg,f90577d4-d73a-473c-88bb-c66d203ff292.jpg
359,not_hotdog,1,hotdognothotdogfull/nothotdog_110.jpg,10aec556-06a7-418e-bc2c-b9353e76e785.jpg
360,not_hotdog,1,hotdognothotdogfull/nothotdog_111.jpg,a7fc2f5b-cec0-41d2-abbd-f632c3e2f83f.jpg
361,not_hotdog,1,hotdognothotdogfull/nothotdog_112.jpg,e8968cb6-aad1-48a7-ac9c-3191cdbc1b66.jpg
362,not_hotdog,1,hotdognothotdogfull/nothotdog_113.jpg,cb9fd9a6-fa55-4393-a730-b23619c75761.jpg
363,not_hotdog,1,hotdognothotdogfull/nothotdog_114.jpg,9ec770f1-aa12-4ae5-8e56-c2f7e2114c88.jpg
364,not_hotdog,1,hotdognothotdogfull/nothotdog_115.jpg,ae61783a-c403-4b47-a3c1-c3d7cc087ba4.jpg
365,not_hotdog,1,hotdognothotdogfull/nothotdog_116.jpg,9bc68165-0b2f-4d42-acae-47a295dce788.jpg
366,not_hotdog,1,hotdognothotdogfull/nothotdog_117.jpg,75e49989-709e-4c28-99c6-05dff3878c3e.jpg
367,not_hotdog,1,hotdognothotdogfull/nothotdog_118.jpg,e7da8287-ddb6-4653-bbaa-d6e0d21013ea.jpg
368,not_hotdog,1,hotdognothotdogfull/nothotdog_119.jpg,7bff2041-3f99-4784-a680-257c55a1f63d.jpg
369,not_hotdog,1,hotdognothotdogfull/nothotdog_120.jpg,433cdfd6-ba44-464c-bd25-a5753fd6de63.jpg
370,not_hotdog,1,hotdognothotdogfull/nothotdog_121.jpg,8d5bcf3a-db2d-4f7e-ac0d-7cc2bce83b2a.jpg
371,not_hotdog,1,hotdognothotdogfull/nothotdog_122.jpg,5854664d-60c0-4468-bbac-45efba672ff5.jpg
372,not_hotdog,1,hotdognothotdogfull/nothotdog_123.jpg,9ed9022e-414b-4111-88b8-495ec534bb61.jpg
373,not_hotdog,1,hotdognothotdogfull/nothotdog_124.jpg,83eedd7f-3510-4878-94c2-4586615505b4.jpg
374,not_hotdog,1,hotdognothotdogfull/nothotdog_125.jpg,771a35d7-8cf4-4812-850a-88ae35c16554.jpg
375,not_hotdog,1,hotdognothotdogfull/nothotdog_126.jpg,2e74a40e-37a4-44f8-b8f8-128e02fcca8b.jpg
376,not_hotdog,1,hotdognothotdogfull/nothotdog_127.jpg,e7a5c907-334a-48fb-9c81-6e6a294232c0.jpg
377,not_hotdog,1,hotdognothotdogfull/nothotdog_128.jpg,2203b4fe-15a4-4a4a-99f7-c5c5e42947f1.jpg
378,not_hotdog,1,hotdognothotdogfull/nothotdog_129.jpg,4e3eebab-d8de-4ece-b35f-a5aa0a913adc.jpg
379,not_hotdog,1,hotdognothotdogfull/nothotdog_130.jpg,abf47392-b126-498f-bd3e-68e954f0bdcd.jpg
380,not_hotdog,1,hotdognothotdogfull/nothotdog_131.jpg,db5d188f-80fb-443b-b834-c239360263c3.jpg
381,not_hotdog,1,hotdognothotdogfull/nothotdog_132.jpg,5b90e902-c2a3-42a4-b12d-326b0e3360e7.jpg
382,not_hotdog,1,hotdognothotdogfull/nothotdog_133.jpg,483607d1-fe0b-4985-afe3-ca6f3336afdf.jpg
383,not_hotdog,1,hotdognothotdogfull/nothotdog_134.jpg,0718035b-0362-4a2b-8af6-b37904fc5ee4.jpg
384,not_hotdog,1,hotdognothotdogfull/nothotdog_135.jpg,76870683-10e8-4e93-a01f-bffccc4e500c.jpg
385,not_hotdog,1,hotdognothotdogfull/nothotdog_136.jpg,46a4bb04-8d61-4ded-a665-b838ef0265ca.jpg
386,not_hotdog,1,hotdognothotdogfull/nothotdog_137.jpg,af366007-b815-4ec2-9a3f-a0e4f009febc.jpg
387,not_hotdog,1,hotdognothotdogfull/nothotdog_138.jpg,8f9513af-c2b7-4716-bd93-c54acc6fedf9.jpg
388,not_hotdog,1,hotdognothotdogfull/nothotdog_139.jpg,c167b08f-7a00-40d2-b728-8cf9c178bfad.jpg
389,not_hotdog,1,hotdognothotdogfull/nothotdog_140.jpg,eaef5294-2782-42a0-9d1e-23743acc011f.jpg
390,not_hotdog,1,hotdognothotdogfull/nothotdog_141.jpg,499094a6-e94e-4e9e-9596-81ee43fc4b26.jpg
391,not_hotdog,1,hotdognothotdogfull/nothotdog_142.jpg,fce0d5d0-9cc5-4712-8f0d-8818d3b7cae6.jpg
392,not_hotdog,1,hotdognothotdogfull/nothotdog_143.jpg,6eac6055-b0a9-4ea9-b2e9-b8779ff3ad17.jpg
393,not_hotdog,1,hotdognothotdogfull/nothotdog_144.jpg,718cee19-d9b1-4a72-b9c2-ad16badf9128.jpg
394,not_hotdog,1,hotdognothotdogfull/nothotdog_145.jpg,c9be486d-7d71-45c7-bdfc-9c8805228473.jpg
395,not_hotdog,1,hotdognothotdogfull/nothotdog_146.jpg,ead30a6d-fef7-46f4-b280-17464c2ee076.jpg
396,not_hotdog,1,hotdognothotdogfull/nothotdog_147.jpg,94d7be21-0465-460d-b20f-a9b437dbeb44.jpg
397,not_hotdog,1,hotdognothotdogfull/nothotdog_148.jpg,35bfa695-0cbe-4603-a65b-e1cd406e544c.jpg
398,not_hotdog,1,hotdognothotdogfull/nothotdog_149.jpg,3fcbd444-e888-47dc-8350-c76092dbe131.jpg
399,not_hotdog,1,hotdognothotdogfull/nothotdog_150.jpg,a7a3f672-b69c-4220-b5ba-48d774ece925.jpg
400,not_hotdog,1,hotdognothotdogfull/nothotdog_151.jpg,b3a383e8-a8c3-4d21-a310-4c3ddc608df1.jpg
401,not_hotdog,1,hotdognothotdogfull/nothotdog_152.jpg,3a927aab-a260-4852-bab8-ce3db0e3bda9.jpg
402,not_hotdog,1,hotdognothotdogfull/nothotdog_153.jpg,47f1c656-a7f7-4480-83b3-616068419871.jpg
403,not_hotdog,1,hotdognothotdogfull/nothotdog_154.jpg,96eb3891-01c5-4c6f-9c25-c22e088e54b3.jpg
404,not_hotdog,1,hotdognothotdogfull/nothotdog_155.jpg,f2f4e078-6bec-4285-aae5-125b524db8f0.jpg
405,not_hotdog,1,hotdognothotdogfull/nothotdog_156.jpg,88188676-ce25-496a-aed0-63590cc9fb95.jpg
406,not_hotdog,1,hotdognothotdogfull/nothotdog_157.jpg,10654bb4-1da5-4071-addc-9903f2a9e855.jpg
407,not_hotdog,1,hotdognothotdogfull/nothotdog_158.jpg,18d44d1d-0828-475c-9d4f-a485a45f0d29.jpg
408,not_hotdog,1,hotdognothotdogfull/nothotdog_159.jpg,d8ffcc64-9f26-4d31-b030-99e142504de8.jpg
409,not_hotdog,1,hotdognothotdogfull/nothotdog_160.jpg,8bb59de8-d1f3-4ba6-89c6-da00208ee7df.jpg
410,not_hotdog,1,hotdognothotdogfull/nothotdog_161.jpg,bdfe1063-8f05-42a3-b732-775e5ba2f88b.jpg
411,not_hotdog,1,hotdognothotdogfull/nothotdog_162.jpg,4860b673-c835-43d3-b9fb-52c9790c09c3.jpg
412,not_hotdog,1,hotdognothotdogfull/nothotdog_163.jpg,9e343b01-a0e8-4fd5-9b52-87a46c96034e.jpg
413,not_hotdog,1,hotdognothotdogfull/nothotdog_164.jpg,3b738ab5-8175-4412-bf5b-6459dd30dcac.jpg
414,not_hotdog,1,hotdognothotdogfull/nothotdog_165.jpg,49e7510c-3835-4360-875f-bf1d0301ce0b.jpg
415,not_hotdog,1,hotdognothotdogfull/nothotdog_166.jpg,1040d417-005e-4024-a66d-a2f898487cd7.jpg
416,not_hotdog,1,hotdognothotdogfull/nothotdog_167.jpg,17d83c9b-6c54-4e40-8f29-44e4f6cce8a0.jpg
417,not_hotdog,1,hotdognothotdogfull/nothotdog_168.jpg,19233cb4-fc57-456e-b19a-1b7da8ac5a75.jpg
418,not_hotdog,1,hotdognothotdogfull/nothotdog_169.jpg,b68abb13-84a8-491b-bc34-fcbeab3cdd91.jpg
419,not_hotdog,1,hotdognothotdogfull/nothotdog_170.jpg,67464733-64f0-4858-9843-55e34be4bacc.jpg
420,not_hotdog,1,hotdognothotdogfull/nothotdog_171.jpg,6abab31f-0082-463f-8ea0-3fe37240eefd.jpg
421,not_hotdog,1,hotdognothotdogfull/nothotdog_172.jpg,9de5e2e7-6ebf-4bb1-93f3-e8df50d1977c.jpg
422,not_hotdog,1,hotdognothotdogfull/nothotdog_173.jpg,fa48f3e5-0a3f-41a4-98ff-680743606c44.jpg
423,not_hotdog,1,hotdognothotdogfull/nothotdog_174.jpg,521a559a-d271-4db1-b60b-2517f029f6e7.jpg
424,not_hotdog,1,hotdognothotdogfull/nothotdog_175.jpg,5b2e427f-197b-4bb4-abce-3cdf243c75a2.jpg
425,not_hotdog,1,hotdognothotdogfull/nothotdog_176.jpg,733bb493-957d-46ef-9da7-7f03b015f578.jpg
426,not_hotdog,1,hotdognothotdogfull/nothotdog_177.jpg,50d52282-059f-4c4e-bca1-d71041776d37.jpg
427,not_hotdog,1,hotdognothotdogfull/nothotdog_178.jpg,d5f24f41-332d-401d-8466-507d9c5c170b.jpg
428,not_hotdog,1,hotdognothotdogfull/nothotdog_179.jpg,56a52cb5-378b-4ece-a1a3-153965151c4a.jpg
429,not_hotdog,1,hotdognothotdogfull/nothotdog_180.jpg,e23a9a1c-daa5-4f23-9211-f1a66ff16901.jpg
430,not_hotdog,1,hotdognothotdogfull/nothotdog_181.jpg,840dfb12-d047-4e9d-9934-151b9902b39b.jpg
431,not_hotdog,1,hotdognothotdogfull/nothotdog_182.jpg,351add15-f743-4199-8f77-bb7f52508280.jpg
432,not_hotdog,1,hotdognothotdogfull/nothotdog_183.jpg,06210372-a2fd-48b7-8327-156993f1fcf0.jpg
433,not_hotdog,1,hotdognothotdogfull/nothotdog_184.jpg,540755bc-c895-4af8-a108-8a747e653e4a.jpg
434,not_hotdog,1,hotdognothotdogfull/nothotdog_185.jpg,e0cb8182-8c86-458d-a826-2451455c8c5b.jpg
435,not_hotdog,1,hotdognothotdogfull/nothotdog_186.jpg,8008babd-787a-4b4d-84ae-b6b8c5bdcf96.jpg
436,not_hotdog,1,hotdognothotdogfull/nothotdog_187.jpg,af3553fc-1b7e-4b45-aeda-99696cf365ee.jpg
437,not_hotdog,1,hotdognothotdogfull/nothotdog_188.jpg,81b0f983-6987-4a19-b7b8-b3e89a0972ec.jpg
438,not_hotdog,1,hotdognothotdogfull/nothotdog_189.jpg,d8138eaa-f621-413e-bf65-31451d543261.jpg
439,not_hotdog,1,hotdognothotdogfull/nothotdog_190.jpg,3a927a2a-cf2f-4806-a61c-28cdeb83cf98.jpg
440,not_hotdog,1,hotdognothotdogfull/nothotdog_191.jpg,3cf5d506-7b79-487a-ac64-c2ab4c42462c.jpg
441,not_hotdog,1,hotdognothotdogfull/nothotdog_192.jpg,0f6ed33f-b6e5-4459-b80b-5923062c160d.jpg
442,not_hotdog,1,hotdognothotdogfull/nothotdog_193.jpg,cc3e3fa5-0a55-434c-9650-706c219b87eb.jpg
443,not_hotdog,1,hotdognothotdogfull/nothotdog_194.jpg,7004299c-98d8-4d41-9e24-0cb4a6d54ca8.jpg
444,not_hotdog,1,hotdognothotdogfull/nothotdog_195.jpg,455568c2-e6da-45d6-918b-601e4ab8c752.jpg
445,not_hotdog,1,hotdognothotdogfull/nothotdog_196.jpg,52f91059-1834-4faf-96af-1f7387669dbb.jpg
446,not_hotdog,1,hotdognothotdogfull/nothotdog_197.jpg,86d3d0b7-79dc-4b57-92c2-314a6423651a.jpg
447,not_hotdog,1,hotdognothotdogfull/nothotdog_198.jpg,cede8b45-7477-4c79-9fba-0791b2819958.jpg
448,not_hotdog,1,hotdognothotdogfull/nothotdog_199.jpg,eeed9eba-3b04-4708-bcd2-d38a4d288212.jpg
449,not_hotdog,1,hotdognothotdogfull/nothotdog_200.jpg,782859d7-c026-4198-be1f-533b5138649d.jpg
450,not_hotdog,1,hotdognothotdogfull/nothotdog_201.jpg,3253e2a2-825b-4cbf-b46f-d172eafe46b7.jpg
451,not_hotdog,1,hotdognothotdogfull/nothotdog_202.jpg,ea9dd582-b91b-4b9b-8384-7d32d1b22f74.jpg
452,not_hotdog,1,hotdognothotdogfull/nothotdog_203.jpg,2bcc4821-8c4b-42f8-b6f9-f7e4e7090995.jpg
453,not_hotdog,1,hotdognothotdogfull/nothotdog_204.jpg,655a8632-cb8f-40a8-b5e4-73ecf28d76c2.jpg
454,not_hotdog,1,hotdognothotdogfull/nothotdog_205.jpg,692e7c25-6fa4-4234-9763-34f4981de2c2.jpg
455,not_hotdog,1,hotdognothotdogfull/nothotdog_206.jpg,84b8da5d-4286-4681-9398-8bc45b7e8002.jpg
456,not_hotdog,1,hotdognothotdogfull/nothotdog_207.jpg,c4f9c9aa-a4bf-447b-a3c0-6be00b6cb3e7.jpg
457,not_hotdog,1,hotdognothotdogfull/nothotdog_208.jpg,321ef33b-7df7-4343-bfe9-f763e7f7281f.jpg
458,not_hotdog,1,hotdognothotdogfull/nothotdog_209.jpg,c64e136d-2219-4a54-8408-50f9d99b2961.jpg
459,not_hotdog,1,hotdognothotdogfull/nothotdog_210.jpg,0431f73c-6e58-4bc8-9d09-0f525ff3468f.jpg
460,not_hotdog,1,hotdognothotdogfull/nothotdog_211.jpg,510efe36-47df-43f9-91aa-538985f5bf50.jpg
461,not_hotdog,1,hotdognothotdogfull/nothotdog_212.jpg,1e171e12-adac-4a60-b4d0-957dd56bc045.jpg
462,not_hotdog,1,hotdognothotdogfull/nothotdog_213.jpg,c8bf778f-729b-41d5-a6bb-cd995e48cb24.jpg
463,not_hotdog,1,hotdognothotdogfull/nothotdog_214.jpg,f106d569-3e88-4ee7-b415-e0604868313c.jpg
464,not_hotdog,1,hotdognothotdogfull/nothotdog_215.jpg,f4249db7-9245-475f-b6bf-ee531f5e150a.jpg
465,not_hotdog,1,hotdognothotdogfull/nothotdog_216.jpg,683a2058-eb05-46cf-a6bb-c522c5846bf5.jpg
466,not_hotdog,1,hotdognothotdogfull/nothotdog_217.jpg,68f342ad-a479-4db1-aff9-4eac656d8391.jpg
467,not_hotdog,1,hotdognothotdogfull/nothotdog_218.jpg,64b2e061-08ed-47fd-a393-96f11ae1abb8.jpg
468,not_hotdog,1,hotdognothotdogfull/nothotdog_219.jpg,51f0aa73-d777-4a85-8d3a-b7dc7acd265e.jpg
469,not_hotdog,1,hotdognothotdogfull/nothotdog_220.jpg,2fdc8280-1099-4f0e-895e-01af4c1dfbdc.jpg
470,not_hotdog,1,hotdognothotdogfull/nothotdog_221.jpg,7e0041a5-9b8f-46aa-9f3b-43f5c473e882.jpg
471,not_hotdog,1,hotdognothotdogfull/nothotdog_222.jpg,4f8c6b24-742b-4679-8b30-86f1199ce759.jpg
472,not_hotdog,1,hotdognothotdogfull/nothotdog_223.jpg,a4667cb0-ab86-4dd8-996b-2045b3a37b89.jpg
473,not_hotdog,1,hotdognothotdogfull/nothotdog_224.jpg,fee7eb90-97e4-4413-afe0-0a3962009088.jpg
474,not_hotdog,1,hotdognothotdogfull/nothotdog_225.jpg,f115b491-5354-4eba-8a51-08e6de5bd2d2.jpg
475,not_hotdog,1,hotdognothotdogfull/nothotdog_226.jpg,56fe9952-a9b6-4c81-8f66-ffc4bf5ee2d4.jpg
476,not_hotdog,1,hotdognothotdogfull/nothotdog_227.jpg,fd444d24-6b51-46ae-b6d4-2564a60f52db.jpg
477,not_hotdog,1,hotdognothotdogfull/nothotdog_228.jpg,d349749c-0a8c-45e9-b923-34dd11b7c0f6.jpg
478,not_hotdog,1,hotdognothotdogfull/nothotdog_229.jpg,75fa99b0-c427-4e2f-8633-e65e4bc93be5.jpg
479,not_hotdog,1,hotdognothotdogfull/nothotdog_230.jpg,2541ef08-2d31-4f4d-afb2-8aecd116e200.jpg
480,not_hotdog,1,hotdognothotdogfull/nothotdog_231.jpg,7ccba08e-6b49-4f0c-89b2-48a77624ac35.jpg
481,not_hotdog,1,hotdognothotdogfull/nothotdog_232.jpg,fb82e8dc-9d03-45af-b992-555d11eb091b.jpg
482,not_hotdog,1,hotdognothotdogfull/nothotdog_233.jpg,d8725eff-30e4-48cb-8431-d31ed459a264.jpg
483,not_hotdog,1,hotdognothotdogfull/nothotdog_234.jpg,9eef9e3b-30ac-4034-9b56-7f3028eeedfe.jpg
484,not_hotdog,1,hotdognothotdogfull/nothotdog_235.jpg,243069a0-0310-4300-9801-fbbfd832b535.jpg
485,not_hotdog,1,hotdognothotdogfull/nothotdog_236.jpg,c9fee905-e42f-4d2f-9339-5fdcf33b312a.jpg
486,not_hotdog,1,hotdognothotdogfull/nothotdog_237.jpg,324c4f3b-3e63-4da3-b137-506a7b124f75.jpg
487,not_hotdog,1,hotdognothotdogfull/nothotdog_238.jpg,6b0d4f6e-beac-4896-b280-cca62785f088.jpg
488,not_hotdog,1,hotdognothotdogfull/nothotdog_239.jpg,94cb79a7-8106-4ce7-8c7d-5873eedfed9c.jpg
489,not_hotdog,1,hotdognothotdogfull/nothotdog_240.jpg,6a889b5f-5b35-4a2f-87a5-8c6e5dc752b8.jpg
490,not_hotdog,1,hotdognothotdogfull/nothotdog_241.jpg,f808439e-cf10-4d6a-be21-319b295347e7.jpg
491,not_hotdog,1,hotdognothotdogfull/nothotdog_242.jpg,13153206-443f-4b32-bb45-009e4e207c5f.jpg
492,not_hotdog,1,hotdognothotdogfull/nothotdog_243.jpg,0049d98f-1d04-4a04-95d4-0fb935daab58.jpg
493,not_hotdog,1,hotdognothotdogfull/nothotdog_244.jpg,a9f22d5b-776e-4c03-ac91-97424b3f666c.jpg
494,not_hotdog,1,hotdognothotdogfull/nothotdog_245.jpg,69bbcda8-0709-407f-beb5-3857b4ba5bde.jpg
495,not_hotdog,1,hotdognothotdogfull/nothotdog_246.jpg,7a0d3007-e5e6-4ac7-9e45-2ce83771c252.jpg
496,not_hotdog,1,hotdognothotdogfull/nothotdog_247.jpg,d3e33b08-a739-4ef4-9662-f4cfa3331437.jpg
497,not_hotdog,1,hotdognothotdogfull/nothotdog_248.jpg,d71e57d9-d3ce-4532-ab37-2b65968ab85d.jpg
498,hotdog,0,hotdognothotdogfull/hotdog_249.jpg,425eac08-eb2b-4289-a563-14e0dfdd3a66.jpg
499,hotdog,0,hotdognothotdogfull/hotdog_250.jpg,c79a51c6-26da-42cf-83d6-5f4d4a774b13.jpg
500,hotdog,0,hotdognothotdogfull/hotdog_251.jpg,4f068479-409b-4141-ba1b-caaacd5cad06.jpg
501,hotdog,0,hotdognothotdogfull/hotdog_252.jpg,bdab245d-3e50-42c6-aba5-e1ef8d88ee3e.jpg
502,hotdog,0,hotdognothotdogfull/hotdog_253.jpg,c1836d4a-d340-488f-92f3-bd40823cb966.jpg
503,hotdog,0,hotdognothotdogfull/hotdog_254.jpg,d3d85852-e29c-4545-ac2b-9e47f0b6df29.jpg
504,hotdog,0,hotdognothotdogfull/hotdog_255.jpg,0243f001-6800-4caa-a5c4-3073bc157769.jpg
505,hotdog,0,hotdognothotdogfull/hotdog_256.jpg,9170ae80-0f79-4175-b854-2105d7ac0e86.jpg
506,hotdog,0,hotdognothotdogfull/hotdog_257.jpg,4ca2f333-4726-4deb-ad47-e650d795b8fd.jpg
507,hotdog,0,hotdognothotdogfull/hotdog_258.jpg,3e8e0076-2e19-4f19-af02-5cd18cdf255b.jpg
508,hotdog,0,hotdognothotdogfull/hotdog_259.jpg,97c8c854-7079-4ad1-a6b7-d12b89e04e8c.jpg
509,hotdog,0,hotdognothotdogfull/hotdog_260.jpg,433fbe35-5dc9-4597-893c-48f1625bc4b7.jpg
510,hotdog,0,hotdognothotdogfull/hotdog_261.jpg,70f34e66-8751-4132-847c-aa440fdd2a46.jpg
511,hotdog,0,hotdognothotdogfull/hotdog_262.jpg,bfbbd762-4236-4253-b928-8ba77d0298d2.jpg
512,hotdog,0,hotdognothotdogfull/hotdog_263.jpg,18292555-3482-4a6b-825f-e2216f0317a2.jpg
513,hotdog,0,hotdognothotdogfull/hotdog_264.jpg,96515a2f-92d6-4e2f-9b64-b1a42ea2d73e.jpg
514,hotdog,0,hotdognothotdogfull/hotdog_265.jpg,2ecc6a10-774c-4521-b054-fe51f164bfac.jpg
515,hotdog,0,hotdognothotdogfull/hotdog_266.jpg,e3b16609-b322-427a-9b9e-70f577440975.jpg
516,hotdog,0,hotdognothotdogfull/hotdog_267.jpg,88db93a1-b5df-4229-bff5-ea8db49783b2.jpg
517,hotdog,0,hotdognothotdogfull/hotdog_268.jpg,83c3ca3e-d84f-4cf7-bc5d-5439386741c5.jpg
518,hotdog,0,hotdognothotdogfull/hotdog_269.jpg,fe5bb3e3-9041-436b-ab38-84959fdf4c79.jpg
519,hotdog,0,hotdognothotdogfull/hotdog_270.jpg,68add759-c36b-4a26-be23-523554f180e2.jpg
520,hotdog,0,hotdognothotdogfull/hotdog_271.jpg,6353c3e9-3755-4b54-a39b-9ec9c318d83c.jpg
521,hotdog,0,hotdognothotdogfull/hotdog_272.jpg,b925acf1-8b83-4863-89f6-f1f923fd04bd.jpg
522,hotdog,0,hotdognothotdogfull/hotdog_273.jpg,6a642f15-bbe6-4fba-aaf1-1d636130fbe0.jpg
523,hotdog,0,hotdognothotdogfull/hotdog_274.jpg,3f431540-0064-458a-9c1f-5b073bb8649b.jpg
524,hotdog,0,hotdognothotdogfull/hotdog_275.jpg,f3e6994f-7fa5-4597-b959-c7b67e19dcac.jpg
525,hotdog,0,hotdognothotdogfull/hotdog_276.jpg,b363bac0-e65b-4d70-9c28-3d0c46342f0d.jpg
526,hotdog,0,hotdognothotdogfull/hotdog_277.jpg,1c6bb670-e15e-407d-8b2e-d2435ff44814.jpg
527,hotdog,0,hotdognothotdogfull/hotdog_278.jpg,1497d8d9-6372-4eda-a68d-ee8b8edfe945.jpg
528,hotdog,0,hotdognothotdogfull/hotdog_279.jpg,26f1ac3a-9650-41fe-ac93-c1f9dcc28826.jpg
529,hotdog,0,hotdognothotdogfull/hotdog_280.jpg,e6cf3a1b-ec82-435e-9c82-3142e78c8a2a.jpg
530,hotdog,0,hotdognothotdogfull/hotdog_281.jpg,737a4818-dad7-4ab7-96f7-3fb6828f491c.jpg
531,hotdog,0,hotdognothotdogfull/hotdog_282.jpg,f222361e-774c-4d16-88a6-c2741fd765e5.jpg
532,hotdog,0,hotdognothotdogfull/hotdog_283.jpg,8481136a-5e1b-4854-a8a6-7026f124fd93.jpg
533,hotdog,0,hotdognothotdogfull/hotdog_284.jpg,bc807404-f36a-4002-9c3d-c2bfaed0f400.jpg
534,hotdog,0,hotdognothotdogfull/hotdog_285.jpg,9ad20c5d-e286-497b-b01f-fa87f9adaf07.jpg
535,hotdog,0,hotdognothotdogfull/hotdog_286.jpg,6fe7a860-7ee3-4fca-9be9-a4e0b334e610.jpg
536,hotdog,0,hotdognothotdogfull/hotdog_287.jpg,a0743dab-1153-4053-ac09-b402e99686f0.jpg
537,hotdog,0,hotdognothotdogfull/hotdog_288.jpg,9f270ada-a4ed-4063-ba34-b8d892323d2a.jpg
538,hotdog,0,hotdognothotdogfull/hotdog_289.jpg,846930d0-0aa2-4fcb-9f26-0b487337fa88.jpg
539,hotdog,0,hotdognothotdogfull/hotdog_290.jpg,c8bb6166-18d4-4136-beeb-e3af7b8acc66.jpg
540,hotdog,0,hotdognothotdogfull/hotdog_291.jpg,9a6c195c-5ae7-4014-8596-2bcdd9044f51.jpg
541,hotdog,0,hotdognothotdogfull/hotdog_292.jpg,bb756109-9519-47aa-9f03-2bcdbd9b737d.jpg
542,hotdog,0,hotdognothotdogfull/hotdog_293.jpg,cd7233bd-b813-42e5-9ffa-7c585bfdf713.jpg
543,hotdog,0,hotdognothotdogfull/hotdog_294.jpg,33c80cf9-978b-4f17-823c-9706869c6f29.jpg
544,hotdog,0,hotdognothotdogfull/hotdog_295.jpg,63f51646-6fa6-4e41-9b85-d22b7bfa973c.jpg
545,hotdog,0,hotdognothotdogfull/hotdog_296.jpg,a5fbbd14-5d69-42e1-a02e-b88a039e44b6.jpg
546,hotdog,0,hotdognothotdogfull/hotdog_297.jpg,c3776848-9c3f-4c62-bbcb-17da1a3f2cbf.jpg
547,hotdog,0,hotdognothotdogfull/hotdog_298.jpg,82ede233-a97a-40b0-b799-edafe5983ddb.jpg
548,hotdog,0,hotdognothotdogfull/hotdog_299.jpg,75fd4366-5d89-4f00-8204-8019c98fac8f.jpg
549,hotdog,0,hotdognothotdogfull/hotdog_300.jpg,75087ade-995e-41ec-a6b1-c0207ec07c13.jpg
550,hotdog,0,hotdognothotdogfull/hotdog_301.jpg,704a554e-ee8c-4ef6-87b4-504b59216fce.jpg
551,hotdog,0,hotdognothotdogfull/hotdog_302.jpg,5e63f26e-c1a9-43d9-9d04-6149c6be3b37.jpg
552,hotdog,0,hotdognothotdogfull/hotdog_303.jpg,4a7d5730-5c85-4255-b4c4-12f763488b4e.jpg
553,hotdog,0,hotdognothotdogfull/hotdog_304.jpg,5784bdc4-dec5-44e8-b703-d95d789fff50.jpg
554,hotdog,0,hotdognothotdogfull/hotdog_305.jpg,1b297ce9-082b-49bb-9233-bbd09aaef436.jpg
555,hotdog,0,hotdognothotdogfull/hotdog_306.jpg,e1c28548-19b3-4861-9173-95d9e12b17c4.jpg
556,hotdog,0,hotdognothotdogfull/hotdog_307.jpg,52412506-a1b6-4ec1-a161-f0d76a924eff.jpg
557,hotdog,0,hotdognothotdogfull/hotdog_308.jpg,794be270-028c-4ca1-9ddb-af0ce9144063.jpg
558,hotdog,0,hotdognothotdogfull/hotdog_309.jpg,64154f6d-dc9f-4910-bb52-f037068239cf.jpg
559,hotdog,0,hotdognothotdogfull/hotdog_310.jpg,4c48b670-de06-4269-b9bc-d82310725473.jpg
560,hotdog,0,hotdognothotdogfull/hotdog_311.jpg,de2a521d-f547-4ade-b058-6bd1e5db1a86.jpg
561,hotdog,0,hotdognothotdogfull/hotdog_312.jpg,acf98b8c-eb83-4d1a-84e5-5acf22ff0db6.jpg
562,hotdog,0,hotdognothotdogfull/hotdog_313.jpg,b1ce566a-0582-4ec2-8df8-27279f9bc6d7.jpg
563,hotdog,0,hotdognothotdogfull/hotdog_314.jpg,ba6c30f6-5c16-4b77-b3de-513bc902f8d5.jpg
564,hotdog,0,hotdognothotdogfull/hotdog_315.jpg,064f4008-741b-4b54-be57-e1141d8d8067.jpg
565,hotdog,0,hotdognothotdogfull/hotdog_316.jpg,95452532-2f4a-4a58-a3a9-2cbea3517add.jpg
566,hotdog,0,hotdognothotdogfull/hotdog_317.jpg,74faee1b-cbfe-4c6b-b073-7f53aa79d75d.jpg
567,hotdog,0,hotdognothotdogfull/hotdog_318.jpg,b0ca0f18-6174-4109-aa24-6da87d1d0deb.jpg
568,hotdog,0,hotdognothotdogfull/hotdog_319.jpg,54d0265a-9858-41f6-b982-39b90caef698.jpg
569,hotdog,0,hotdognothotdogfull/hotdog_320.jpg,0b03b5ab-95b3-4f59-ae74-273cac475294.jpg
570,hotdog,0,hotdognothotdogfull/hotdog_321.jpg,3531d66c-b19f-4468-b754-9e4fd9acceca.jpg
571,hotdog,0,hotdognothotdogfull/hotdog_322.jpg,64ec0f4e-1337-4d29-9864-2ac6b13e0b0c.jpg
572,hotdog,0,hotdognothotdogfull/hotdog_323.jpg,60985b0c-faa6-4f4e-b0cb-f94361cb241c.jpg
573,hotdog,0,hotdognothotdogfull/hotdog_324.jpg,76fcea2f-14e1-4001-ad63-6835fa7ffb30.jpg
574,hotdog,0,hotdognothotdogfull/hotdog_325.jpg,c70d1f54-117c-4da2-9339-e31bdc538f09.jpg
575,hotdog,0,hotdognothotdogfull/hotdog_326.jpg,5674b812-6c4c-4bff-96b5-c282dc397e7f.jpg
576,hotdog,0,hotdognothotdogfull/hotdog_327.jpg,1a765aa8-49af-4e56-88cc-74f8417907dc.jpg
577,hotdog,0,hotdognothotdogfull/hotdog_328.jpg,8eca6dc3-9528-4a2e-8e85-aed8d089faf0.jpg
578,hotdog,0,hotdognothotdogfull/hotdog_329.jpg,e45883ff-ef1b-40b4-9ec8-3890c255bc2f.jpg
579,hotdog,0,hotdognothotdogfull/hotdog_330.jpg,426c5fbd-57df-432d-b894-5d7d215a1cb6.jpg
580,hotdog,0,hotdognothotdogfull/hotdog_331.jpg,b5540f38-5e05-458b-8647-e28324279be3.jpg
581,hotdog,0,hotdognothotdogfull/hotdog_332.jpg,4da7b27a-9b1f-49b4-a74f-1bdf624fff17.jpg
582,hotdog,0,hotdognothotdogfull/hotdog_333.jpg,86c0f21b-5a7e-4e27-ba2b-3f57b860a5ab.jpg
583,hotdog,0,hotdognothotdogfull/hotdog_334.jpg,d86f51b6-2cf6-4890-be94-8bb18894beed.jpg
584,hotdog,0,hotdognothotdogfull/hotdog_335.jpg,e0e90c48-0180-492a-b749-133ec4f1f0c8.jpg
585,hotdog,0,hotdognothotdogfull/hotdog_336.jpg,9b3afbc5-faf0-4329-bf66-b972abf3f5da.jpg
586,hotdog,0,hotdognothotdogfull/hotdog_337.jpg,b690c21b-4c11-4145-be6e-c634ba80b07f.jpg
587,hotdog,0,hotdognothotdogfull/hotdog_338.jpg,fb51c9db-879b-467f-9688-bdb57ea731dd.jpg
588,hotdog,0,hotdognothotdogfull/hotdog_339.jpg,3c58c520-6479-4f3f-a348-55c542a4f979.jpg
589,hotdog,0,hotdognothotdogfull/hotdog_340.jpg,774dd78c-e9a6-4f31-a488-dbebd0c34b3e.jpg
590,hotdog,0,hotdognothotdogfull/hotdog_341.jpg,3110906a-996c-4ed5-8bcb-ebd16b12731d.jpg
591,hotdog,0,hotdognothotdogfull/hotdog_342.jpg,7e21755f-0b4c-42bd-9b05-7d73b297d1ec.jpg
592,hotdog,0,hotdognothotdogfull/hotdog_343.jpg,400b9c73-e479-45c4-aa35-91e53727ba13.jpg
593,hotdog,0,hotdognothotdogfull/hotdog_344.jpg,b63c3be0-7298-4052-8580-45eb12eb55b4.jpg
594,hotdog,0,hotdognothotdogfull/hotdog_345.jpg,af7df293-e2fa-48a4-8aed-b8699fdbae24.jpg
595,hotdog,0,hotdognothotdogfull/hotdog_346.jpg,26504e4b-9482-4e32-8e89-39b3b6fe39bd.jpg
596,hotdog,0,hotdognothotdogfull/hotdog_347.jpg,3f3376bf-d0f2-4fd4-ae58-6dcd4d39bc37.jpg
597,hotdog,0,hotdognothotdogfull/hotdog_348.jpg,161b407e-83d1-4889-bcf4-9e64c73c74ff.jpg
598,hotdog,0,hotdognothotdogfull/hotdog_349.jpg,3f3b3747-287c-4df3-950e-27b5abb42e61.jpg
599,hotdog,0,hotdognothotdogfull/hotdog_350.jpg,db0c6f50-6e45-49d8-aebe-fd1e9915e05c.jpg
600,hotdog,0,hotdognothotdogfull/hotdog_351.jpg,7a6935dc-a791-4b85-90b2-1d4cd593b599.jpg
601,hotdog,0,hotdognothotdogfull/hotdog_352.jpg,83e860c5-a656-4980-a218-a7794fa4b2b8.jpg
602,hotdog,0,hotdognothotdogfull/hotdog_353.jpg,f4842ccc-5013-4ea5-b8de-ec8f7c527abe.jpg
603,hotdog,0,hotdognothotdogfull/hotdog_354.jpg,d7e1eadd-4e1d-4414-b48f-b3d8c9700b88.jpg
604,hotdog,0,hotdognothotdogfull/hotdog_355.jpg,1c91755f-98f0-4b0f-8339-9d41c06ac4d7.jpg
605,hotdog,0,hotdognothotdogfull/hotdog_356.jpg,8cfbb13f-797d-47de-8971-c438c0bee443.jpg
606,hotdog,0,hotdognothotdogfull/hotdog_357.jpg,f3760f27-8a69-4ce9-92e0-6d47bcce7416.jpg
607,hotdog,0,hotdognothotdogfull/hotdog_358.jpg,69976625-abf7-46a6-ab80-ec38ffef7b7c.jpg
608,hotdog,0,hotdognothotdogfull/hotdog_359.jpg,dfaf24c9-c842-4f88-8433-6143a172c085.jpg
609,hotdog,0,hotdognothotdogfull/hotdog_360.jpg,b4b16c2d-3b0a-4620-8e52-bdb3107a8d0d.jpg
610,hotdog,0,hotdognothotdogfull/hotdog_361.jpg,803dd9ed-4946-4dd9-9155-f7daaddd45ca.jpg
611,hotdog,0,hotdognothotdogfull/hotdog_362.jpg,f49c340c-1f8a-42ac-859e-3728916dd636.jpg
612,hotdog,0,hotdognothotdogfull/hotdog_363.jpg,2ec7e69b-ddba-4965-9af2-521979cbf15b.jpg
613,hotdog,0,hotdognothotdogfull/hotdog_364.jpg,b1c6c0fb-1ea5-41f8-b074-fae9812cb30b.jpg
614,hotdog,0,hotdognothotdogfull/hotdog_365.jpg,85c6229e-7892-41a4-91b7-9b068eb655ca.jpg
615,hotdog,0,hotdognothotdogfull/hotdog_366.jpg,0dfb9126-4ab5-4b33-b585-f74fa2adbd37.jpg
616,hotdog,0,hotdognothotdogfull/hotdog_367.jpg,c2559058-f093-45cc-9c91-0892c53c26c8.jpg
617,hotdog,0,hotdognothotdogfull/hotdog_368.jpg,96bf6196-5beb-4692-9c18-4195307ba60d.jpg
618,hotdog,0,hotdognothotdogfull/hotdog_369.jpg,fe76e8d4-7a6d-460d-9ec3-f64bba2348fe.jpg
619,hotdog,0,hotdognothotdogfull/hotdog_370.jpg,4ea713be-655b-4fe4-9353-311546030140.jpg
620,hotdog,0,hotdognothotdogfull/hotdog_371.jpg,e4137a13-cb82-4f23-89e4-042b9429ddae.jpg
621,hotdog,0,hotdognothotdogfull/hotdog_372.jpg,6e35de3a-8777-4afe-8807-4f6c021f1dc4.jpg
622,hotdog,0,hotdognothotdogfull/hotdog_373.jpg,2f90d524-65c3-4017-88b6-5dcc973ed693.jpg
623,hotdog,0,hotdognothotdogfull/hotdog_374.jpg,9b7ed422-2822-43b5-a58a-f42e8934decf.jpg
624,hotdog,0,hotdognothotdogfull/hotdog_375.jpg,38d795b1-acef-47df-bccd-e8a00ebccd85.jpg
625,hotdog,0,hotdognothotdogfull/hotdog_376.jpg,b100791c-003f-43fd-a6d7-7965c310765b.jpg
626,hotdog,0,hotdognothotdogfull/hotdog_377.jpg,76c5e6e0-ed61-4848-ab68-aad7d0bcfd2c.jpg
627,hotdog,0,hotdognothotdogfull/hotdog_378.jpg,030a7ba1-2bbf-48e6-b6d0-a2899a7dac35.jpg
628,hotdog,0,hotdognothotdogfull/hotdog_379.jpg,471c117c-18ef-4677-ad17-af800303c9ce.jpg
629,hotdog,0,hotdognothotdogfull/hotdog_380.jpg,9766d72e-6c52-41de-8ade-2ae928f53de3.jpg
630,hotdog,0,hotdognothotdogfull/hotdog_381.jpg,74dcbf1a-e14c-4fb3-8f4f-6d5d2a968e6c.jpg
631,hotdog,0,hotdognothotdogfull/hotdog_382.jpg,aaa1dd66-486f-4348-8e68-3b3ce59743dc.jpg
632,hotdog,0,hotdognothotdogfull/hotdog_383.jpg,98fdc98d-d56c-4475-a997-f0fcc561c78e.jpg
633,hotdog,0,hotdognothotdogfull/hotdog_384.jpg,90ec4ba5-46d5-43e8-90ae-9adcff8ae84b.jpg
634,hotdog,0,hotdognothotdogfull/hotdog_385.jpg,379898ea-9866-4cba-b2e3-d8b084dd7f02.jpg
635,hotdog,0,hotdognothotdogfull/hotdog_386.jpg,145a8ccf-b32f-43d1-8469-15e946eceb68.jpg
636,hotdog,0,hotdognothotdogfull/hotdog_387.jpg,512c3dfd-1ae5-4b2a-9609-7edf1c5617a9.jpg
637,hotdog,0,hotdognothotdogfull/hotdog_388.jpg,adb4c9cf-6a02-4bf2-952f-3b9800a7bec4.jpg
638,hotdog,0,hotdognothotdogfull/hotdog_389.jpg,2034b863-9d03-45f9-a1d7-4ad816025462.jpg
639,hotdog,0,hotdognothotdogfull/hotdog_390.jpg,b5653117-5333-4213-a9ff-d4c8aeabe924.jpg
640,hotdog,0,hotdognothotdogfull/hotdog_391.jpg,257d04b8-ea0e-4bdf-9d16-80de7c2e00d7.jpg
641,hotdog,0,hotdognothotdogfull/hotdog_392.jpg,5d407417-1b18-4e26-a5da-56cdfa17f422.jpg
642,hotdog,0,hotdognothotdogfull/hotdog_393.jpg,236864d4-327e-428a-8ffe-ac45dff2d3fb.jpg
643,hotdog,0,hotdognothotdogfull/hotdog_394.jpg,4f1db480-f028-49be-908c-bdc247643dcf.jpg
644,hotdog,0,hotdognothotdogfull/hotdog_395.jpg,5d11680f-e0cc-48a5-8cb2-234172636c64.jpg
645,hotdog,0,hotdognothotdogfull/hotdog_396.jpg,87b59b83-d8dc-4657-89a2-85c3de00a29b.jpg
646,hotdog,0,hotdognothotdogfull/hotdog_397.jpg,6de36fa4-decc-4ee3-9315-273fa715cb17.jpg
647,hotdog,0,hotdognothotdogfull/hotdog_398.jpg,5daab7d7-b2a2-420a-b7b5-8dfde05dbf13.jpg
648,hotdog,0,hotdognothotdogfull/hotdog_399.jpg,a9b07164-4cdf-4a4a-b55b-997417d90cfe.jpg
649,hotdog,0,hotdognothotdogfull/hotdog_400.jpg,550bd1df-9de4-4ca9-90ee-f858c0b3bd4d.jpg
650,hotdog,0,hotdognothotdogfull/hotdog_401.jpg,664e5760-d335-4695-b950-b8e97814187d.jpg
651,hotdog,0,hotdognothotdogfull/hotdog_402.jpg,228139f0-41b2-4e9d-89f8-acfcb717d49b.jpg
652,hotdog,0,hotdognothotdogfull/hotdog_403.jpg,60282a1d-11d5-4810-8217-1538ce116c0a.jpg
653,hotdog,0,hotdognothotdogfull/hotdog_404.jpg,c7aa1763-87eb-4764-8dcf-0fdb6c903886.jpg
654,hotdog,0,hotdognothotdogfull/hotdog_405.jpg,79965372-6048-4f59-adcd-9ea6987d38c9.jpg
655,hotdog,0,hotdognothotdogfull/hotdog_406.jpg,84079d8f-8c58-4a4f-bc49-c6717074c2e0.jpg
656,hotdog,0,hotdognothotdogfull/hotdog_407.jpg,32c5b8a2-5bf2-4764-bce3-bdb4a6649faf.jpg
657,hotdog,0,hotdognothotdogfull/hotdog_408.jpg,b78de511-e950-463c-8d4d-8e30d8deacf0.jpg
658,hotdog,0,hotdognothotdogfull/hotdog_409.jpg,39c6327d-2a75-4d1c-b6a3-e171276cf343.jpg
659,hotdog,0,hotdognothotdogfull/hotdog_410.jpg,7b073492-cf72-4456-8888-330288294a00.jpg
660,hotdog,0,hotdognothotdogfull/hotdog_411.jpg,d3462c4a-7c47-42cc-8eca-d7e911650fa7.jpg
661,hotdog,0,hotdognothotdogfull/hotdog_412.jpg,dbcab7ae-29f6-440e-a31e-eb7855be949f.jpg
662,hotdog,0,hotdognothotdogfull/hotdog_413.jpg,5794af0d-62eb-4113-80f0-74f46b8bb785.jpg
663,hotdog,0,hotdognothotdogfull/hotdog_414.jpg,cdabe666-6763-4932-aff0-90a00a09e28d.jpg
664,hotdog,0,hotdognothotdogfull/hotdog_415.jpg,8cb4a7e7-42d2-4631-9466-96af391c3d05.jpg
665,hotdog,0,hotdognothotdogfull/hotdog_416.jpg,8b3e617d-f70d-4ae8-ae4a-e34baf9f09bc.jpg
666,hotdog,0,hotdognothotdogfull/hotdog_417.jpg,587470a7-b83c-40af-b052-5eaf1fa3e218.jpg
667,hotdog,0,hotdognothotdogfull/hotdog_418.jpg,9012a55a-022e-4fbb-afe1-79744bdcab28.jpg
668,hotdog,0,hotdognothotdogfull/hotdog_419.jpg,8eda9092-ccb4-411e-af05-92e1f9dd80ea.jpg
669,hotdog,0,hotdognothotdogfull/hotdog_420.jpg,6831933a-df7f-4766-8416-038a9e824611.jpg
670,hotdog,0,hotdognothotdogfull/hotdog_421.jpg,70f2eba3-182e-4b79-baa5-bf561f9898cc.jpg
671,hotdog,0,hotdognothotdogfull/hotdog_422.jpg,c92af142-5164-4edc-9257-edfff60f808b.jpg
672,hotdog,0,hotdognothotdogfull/hotdog_423.jpg,a3301c02-46dc-4876-aaf2-4fe096a114eb.jpg
673,hotdog,0,hotdognothotdogfull/hotdog_424.jpg,ddcf2ea0-fd11-4308-acd3-e59ace6de40d.jpg
674,hotdog,0,hotdognothotdogfull/hotdog_425.jpg,aa8fd92b-b5da-4ef5-b140-c961a637d0d5.jpg
675,hotdog,0,hotdognothotdogfull/hotdog_426.jpg,4d09ff2b-1208-4d9a-b5c4-5da4927ad81b.jpg
676,hotdog,0,hotdognothotdogfull/hotdog_427.jpg,7261789d-b8ae-4ad8-896b-4549277e0c2e.jpg
677,hotdog,0,hotdognothotdogfull/hotdog_428.jpg,7bfcf8b7-c8a2-4d97-b1ed-1e6bcc1b82bf.jpg
678,hotdog,0,hotdognothotdogfull/hotdog_429.jpg,4804060c-2cbc-457f-8b3a-797912c36686.jpg
679,hotdog,0,hotdognothotdogfull/hotdog_430.jpg,104de01c-0188-4322-b612-be372ed848ec.jpg
680,hotdog,0,hotdognothotdogfull/hotdog_431.jpg,07eb94f1-d5b6-411d-a8bc-20b22a139ff1.jpg
681,hotdog,0,hotdognothotdogfull/hotdog_432.jpg,f120570e-71bf-4b66-afa8-7a9211f13651.jpg
682,hotdog,0,hotdognothotdogfull/hotdog_433.jpg,8a3f07a0-0da4-4ad4-9567-bf8716cafc13.jpg
683,hotdog,0,hotdognothotdogfull/hotdog_434.jpg,7164b48c-f6c7-427b-a6c7-a963087eef1e.jpg
684,hotdog,0,hotdognothotdogfull/hotdog_435.jpg,cc418a41-71cb-4d75-8354-72942684d0fb.jpg
685,hotdog,0,hotdognothotdogfull/hotdog_436.jpg,17969559-517e-4f0c-b568-c3dccb51f570.jpg
686,hotdog,0,hotdognothotdogfull/hotdog_437.jpg,bd550a13-b7b3-4f4b-a470-dd1ad34738c9.jpg
687,hotdog,0,hotdognothotdogfull/hotdog_438.jpg,d3b0807a-447f-410b-8924-4b2200fc3077.jpg
688,hotdog,0,hotdognothotdogfull/hotdog_439.jpg,5c9dea83-c682-49f2-b3ea-a6bb73d861c9.jpg
689,hotdog,0,hotdognothotdogfull/hotdog_440.jpg,d7d8c842-03d1-432f-8c97-11bf0cacac5f.jpg
690,hotdog,0,hotdognothotdogfull/hotdog_441.jpg,e75ab08e-a1c5-4454-8319-39dd0c99be11.jpg
691,hotdog,0,hotdognothotdogfull/hotdog_442.jpg,277b60a1-5298-4176-b82c-bf5a1bfe945e.jpg
692,hotdog,0,hotdognothotdogfull/hotdog_443.jpg,83fe6e0c-99fd-41f7-89e5-26bb48803893.jpg
693,hotdog,0,hotdognothotdogfull/hotdog_444.jpg,2f6b2f31-251a-4591-ae42-2f857d9f932e.jpg
694,hotdog,0,hotdognothotdogfull/hotdog_445.jpg,bb6f16b1-ecda-4a35-a0e9-5685118ad9da.jpg
695,hotdog,0,hotdognothotdogfull/hotdog_446.jpg,d13e406c-94ce-4474-8a8b-b73c7474e15a.jpg
696,hotdog,0,hotdognothotdogfull/hotdog_447.jpg,83034825-4c5b-48ca-8476-55cabdf076e6.jpg
697,hotdog,0,hotdognothotdogfull/hotdog_448.jpg,256ceb69-190f-4084-8eef-4402fc3faf84.jpg
698,hotdog,0,hotdognothotdogfull/hotdog_449.jpg,376a45cc-3586-4417-807b-f8f97058b6ba.jpg
699,hotdog,0,hotdognothotdogfull/hotdog_450.jpg,bebbba4d-a0ab-457a-928f-995e52f8a87f.jpg
700,hotdog,0,hotdognothotdogfull/hotdog_451.jpg,ee2fa410-0e4b-45d4-9f27-816bf03cbc1f.jpg
701,hotdog,0,hotdognothotdogfull/hotdog_452.jpg,19442502-2b49-43f6-9d4c-e7979f4e2cc5.jpg
702,hotdog,0,hotdognothotdogfull/hotdog_453.jpg,84475b0c-1cb5-4b8d-82c5-ef671f157f16.jpg
703,hotdog,0,hotdognothotdogfull/hotdog_454.jpg,66cfbc78-9f5e-44be-98ef-e976e014646d.jpg
704,hotdog,0,hotdognothotdogfull/hotdog_455.jpg,fd8a7ed4-7b48-44a7-ad28-e9d37fbe9b7e.jpg
705,hotdog,0,hotdognothotdogfull/hotdog_456.jpg,33567d6d-fc0d-4985-8856-1e7f46fd7742.jpg
706,hotdog,0,hotdognothotdogfull/hotdog_457.jpg,5a7e480e-20e9-4813-9ed8-57568e03c6f0.jpg
707,hotdog,0,hotdognothotdogfull/hotdog_458.jpg,d6ce589c-8f62-4c2c-977c-d8c8e999ace6.jpg
708,hotdog,0,hotdognothotdogfull/hotdog_459.jpg,742f374d-e28a-4108-9467-18ccbad7f77e.jpg
709,hotdog,0,hotdognothotdogfull/hotdog_460.jpg,9d06b937-3ee0-4905-8f42-37ed331df78b.jpg
710,hotdog,0,hotdognothotdogfull/hotdog_461.jpg,a1afbd3f-8838-4df2-a594-b9aba9342f18.jpg
711,hotdog,0,hotdognothotdogfull/hotdog_462.jpg,c435c704-511e-49de-ad99-867e40e9fdc2.jpg
712,hotdog,0,hotdognothotdogfull/hotdog_463.jpg,8cb36acc-2a0d-4c79-9d7e-97f662def527.jpg
713,hotdog,0,hotdognothotdogfull/hotdog_464.jpg,55a232c0-30f6-4e62-8b3a-64f16714dc65.jpg
714,hotdog,0,hotdognothotdogfull/hotdog_465.jpg,41880e5e-5791-4ea3-bb10-fe9d8aca8e58.jpg
715,hotdog,0,hotdognothotdogfull/hotdog_466.jpg,9f5b7d05-dba1-4891-8a3d-2f82534abc43.jpg
716,hotdog,0,hotdognothotdogfull/hotdog_467.jpg,05907565-0a54-4a2a-beaa-89c568136281.jpg
717,hotdog,0,hotdognothotdogfull/hotdog_468.jpg,834b0914-cfa3-430c-8cba-10b0cb6fa1f6.jpg
718,hotdog,0,hotdognothotdogfull/hotdog_469.jpg,a6d99c21-31ec-4f4c-b3f3-7890c21e1f2f.jpg
719,hotdog,0,hotdognothotdogfull/hotdog_470.jpg,5955cb6a-37e8-4baf-9fd0-bb3919b4d6c5.jpg
720,hotdog,0,hotdognothotdogfull/hotdog_471.jpg,b19fe1c4-c2f4-4b7f-a532-c97cd98a5602.jpg
721,hotdog,0,hotdognothotdogfull/hotdog_472.jpg,7d273ac8-3b18-46fa-a17a-059d1f28f480.jpg
722,hotdog,0,hotdognothotdogfull/hotdog_473.jpg,86230694-7dbc-4c54-bee2-c26123234385.jpg
723,hotdog,0,hotdognothotdogfull/hotdog_474.jpg,3a8dc76c-3508-4687-b92e-8631f9d5956b.jpg
724,hotdog,0,hotdognothotdogfull/hotdog_475.jpg,c4ddb2c2-353d-4ad9-b947-cdb86504079d.jpg
725,hotdog,0,hotdognothotdogfull/hotdog_476.jpg,9e4d148a-c7e4-44a8-8c51-f6b1f3fc4dfb.jpg
726,hotdog,0,hotdognothotdogfull/hotdog_477.jpg,6d9538a1-8831-4d80-ae0e-d776a2d92dba.jpg
727,hotdog,0,hotdognothotdogfull/hotdog_478.jpg,4e0e290b-1e11-46e3-827a-bc4ca8361d5c.jpg
728,hotdog,0,hotdognothotdogfull/hotdog_479.jpg,d59849b7-e26a-438f-b318-4bec946f3040.jpg
729,hotdog,0,hotdognothotdogfull/hotdog_480.jpg,dc63b8b6-26e2-4d03-b4a1-b201e8c31599.jpg
730,hotdog,0,hotdognothotdogfull/hotdog_481.jpg,ed5e546c-2ca9-4588-bd63-a4ce7a6bd550.jpg
731,hotdog,0,hotdognothotdogfull/hotdog_482.jpg,6f30b80f-41db-4f00-95b4-36f9d690b405.jpg
732,hotdog,0,hotdognothotdogfull/hotdog_483.jpg,f148c72f-2399-45ea-a48c-3768b90bbf72.jpg
733,hotdog,0,hotdognothotdogfull/hotdog_484.jpg,f7f8fb98-ecfd-480a-9309-5b81068b3f3e.jpg
734,hotdog,0,hotdognothotdogfull/hotdog_485.jpg,daf0ed4c-7a0b-4a52-a75a-8f4e4f833a6f.jpg
735,hotdog,0,hotdognothotdogfull/hotdog_486.jpg,e4b86f13-e387-4c18-bd5a-3b59a59bf5ea.jpg
736,hotdog,0,hotdognothotdogfull/hotdog_487.jpg,416d5315-1c4b-4d7e-987c-7c2eb3a00817.jpg
737,hotdog,0,hotdognothotdogfull/hotdog_488.jpg,08e232e1-2de2-42d5-9ac5-0c9e291a267b.jpg
738,hotdog,0,hotdognothotdogfull/hotdog_489.jpg,49da155f-984e-428c-bb03-815abb0ea20e.jpg
739,hotdog,0,hotdognothotdogfull/hotdog_490.jpg,928aab36-6ac2-4ca0-a626-f8ca70f90034.jpg
740,hotdog,0,hotdognothotdogfull/hotdog_491.jpg,24fb96ab-eb24-4567-a558-1af9ea39ae33.jpg
741,hotdog,0,hotdognothotdogfull/hotdog_492.jpg,2bf31fd8-5fff-4a1f-a6d4-ced6c36a2d71.jpg
742,hotdog,0,hotdognothotdogfull/hotdog_493.jpg,043444b6-373f-49ac-a7b9-12c45f531e77.jpg
743,hotdog,0,hotdognothotdogfull/hotdog_494.jpg,d5d533ad-746d-4ef4-bf85-1f3bc11ef91e.jpg
744,hotdog,0,hotdognothotdogfull/hotdog_495.jpg,5533f17d-c3cb-48a3-ae33-096c6094378a.jpg
745,hotdog,0,hotdognothotdogfull/hotdog_496.jpg,aeb1e0d0-5f75-45b6-8ecf-dea32ed458d3.jpg
746,hotdog,0,hotdognothotdogfull/hotdog_497.jpg,fc4cd6f8-345f-4219-baba-c79f14e0808d.jpg
747,nothotdog,1,hotdognothotdogfull/nothotdog_249.jpg,7b29e5ff-86bf-4ba6-be81-3b287313d0c5.jpg
748,nothotdog,1,hotdognothotdogfull/nothotdog_250.jpg,cc360c16-b428-42d4-92c2-891d951629dc.jpg
749,nothotdog,1,hotdognothotdogfull/nothotdog_251.jpg,e5ce119c-d1a5-4686-995b-956e472cb698.jpg
750,nothotdog,1,hotdognothotdogfull/nothotdog_252.jpg,300a12d4-5bb2-4d8d-86cd-a8257b2120be.jpg
751,nothotdog,1,hotdognothotdogfull/nothotdog_253.jpg,8b075a11-13bb-45f0-8424-1aa26584584e.jpg
752,nothotdog,1,hotdognothotdogfull/nothotdog_254.jpg,f19ea5b6-9b3b-4e52-a84b-de4dc7fc9268.jpg
753,nothotdog,1,hotdognothotdogfull/nothotdog_255.jpg,27b29d1d-33e2-4fcc-8922-a9d7768cccd1.jpg
754,nothotdog,1,hotdognothotdogfull/nothotdog_256.jpg,35d89a70-7fc7-46ec-b238-2901c7e285f0.jpg
755,nothotdog,1,hotdognothotdogfull/nothotdog_257.jpg,b69beabc-e7ea-43b3-8bf9-7165a3e4b80e.jpg
756,nothotdog,1,hotdognothotdogfull/nothotdog_258.jpg,5a7b44bd-d5d3-4dfb-a454-4878e8ad03db.jpg
757,nothotdog,1,hotdognothotdogfull/nothotdog_259.jpg,77234c39-3bbc-46c7-b16b-8c89a2341c0d.jpg
758,nothotdog,1,hotdognothotdogfull/nothotdog_260.jpg,e80bf56d-6c0b-43c7-98c0-d28ef89808c4.jpg
759,nothotdog,1,hotdognothotdogfull/nothotdog_261.jpg,d19cea46-2e7d-40c7-8c12-dc6a83ffde4b.jpg
760,nothotdog,1,hotdognothotdogfull/nothotdog_262.jpg,888d9360-c4bb-4e4f-889b-e189dcbda942.jpg
761,nothotdog,1,hotdognothotdogfull/nothotdog_263.jpg,0e450cf5-a990-4928-94bc-2a1c51ce1f73.jpg
762,nothotdog,1,hotdognothotdogfull/nothotdog_264.jpg,cc04aa4b-ac67-45d7-940d-1511a2c8f194.jpg
763,nothotdog,1,hotdognothotdogfull/nothotdog_265.jpg,02a8eb1b-fe86-4c72-9132-5125de6b3ee6.jpg
764,nothotdog,1,hotdognothotdogfull/nothotdog_266.jpg,bcc56056-e9f4-44d6-9381-5557ba7bf970.jpg
765,nothotdog,1,hotdognothotdogfull/nothotdog_267.jpg,1b025e78-7fa2-483b-aebf-ecc759e51ee0.jpg
766,nothotdog,1,hotdognothotdogfull/nothotdog_268.jpg,e1270f0f-eb97-4b30-9d7c-4041959411d7.jpg
767,nothotdog,1,hotdognothotdogfull/nothotdog_269.jpg,ad805c9b-13de-4e87-bcc8-6ae662e06bc0.jpg
768,nothotdog,1,hotdognothotdogfull/nothotdog_270.jpg,0d1f30e5-8e53-4bce-9b79-4a06d49c2992.jpg
769,nothotdog,1,hotdognothotdogfull/nothotdog_271.jpg,87e5867a-e447-422d-aba8-e52d3feaac33.jpg
770,nothotdog,1,hotdognothotdogfull/nothotdog_272.jpg,39e80aa0-0109-4651-90af-e8a4d8b182f6.jpg
771,nothotdog,1,hotdognothotdogfull/nothotdog_273.jpg,50f4428f-ae9d-495c-960c-575bb1acf69d.jpg
772,nothotdog,1,hotdognothotdogfull/nothotdog_274.jpg,783f329c-18d2-4c62-8d76-03fb4536b833.jpg
773,nothotdog,1,hotdognothotdogfull/nothotdog_275.jpg,24bfa54c-5782-496f-86d7-f5f779e5ae53.jpg
774,nothotdog,1,hotdognothotdogfull/nothotdog_276.jpg,1e263026-b6bc-4ac5-9831-af5729708d15.jpg
775,nothotdog,1,hotdognothotdogfull/nothotdog_277.jpg,d527bd88-eb01-4914-9d8c-ef6eac8266ed.jpg
776,nothotdog,1,hotdognothotdogfull/nothotdog_278.jpg,5b1bd8a9-d589-4c15-b101-94c8a89f6ad1.jpg
777,nothotdog,1,hotdognothotdogfull/nothotdog_279.jpg,9b585389-3690-491d-bf9b-10484df4a554.jpg
778,nothotdog,1,hotdognothotdogfull/nothotdog_280.jpg,4f6a7c3a-9a44-4035-8028-ca2048295b05.jpg
779,nothotdog,1,hotdognothotdogfull/nothotdog_281.jpg,46cf1874-dd83-4f7d-bdd5-184b39d39507.jpg
780,nothotdog,1,hotdognothotdogfull/nothotdog_282.jpg,a0918b1e-97be-43a4-a270-103587db6f95.jpg
781,nothotdog,1,hotdognothotdogfull/nothotdog_283.jpg,5f14cba3-725e-405f-8eff-b4c21b54940f.jpg
782,nothotdog,1,hotdognothotdogfull/nothotdog_284.jpg,efaa9822-ee66-4fa7-b0a3-32374854dc42.jpg
783,nothotdog,1,hotdognothotdogfull/nothotdog_285.jpg,190c8fa6-4e6b-4e8c-85f2-0fc731b9fef3.jpg
784,nothotdog,1,hotdognothotdogfull/nothotdog_286.jpg,81dc7fb6-0301-4283-8f0e-6bd501e0aff1.jpg
785,nothotdog,1,hotdognothotdogfull/nothotdog_287.jpg,f3b29ffa-0db3-43e5-861b-301f95738a31.jpg
786,nothotdog,1,hotdognothotdogfull/nothotdog_288.jpg,a762b212-2bc5-4f03-b409-fb72341c5995.jpg
787,nothotdog,1,hotdognothotdogfull/nothotdog_289.jpg,a34d8ac5-38c8-45a5-96cd-3d62ec7ae539.jpg
788,nothotdog,1,hotdognothotdogfull/nothotdog_290.jpg,649180d5-2fd5-417d-ba59-6670f43d242c.jpg
789,nothotdog,1,hotdognothotdogfull/nothotdog_291.jpg,18a0b908-3f5a-4c95-bc40-8fc77c8adcd0.jpg
790,nothotdog,1,hotdognothotdogfull/nothotdog_292.jpg,9e441fa9-dfec-4811-81fe-792c149d8ce8.jpg
791,nothotdog,1,hotdognothotdogfull/nothotdog_293.jpg,cc97edf9-04ac-4bc6-b0c7-8d9727be8c98.jpg
792,nothotdog,1,hotdognothotdogfull/nothotdog_294.jpg,055b8286-109a-4d99-a1ba-d5f841fcea3f.jpg
793,nothotdog,1,hotdognothotdogfull/nothotdog_295.jpg,1423b107-43ed-482f-a7d4-1bbc7d0b41f9.jpg
794,nothotdog,1,hotdognothotdogfull/nothotdog_296.jpg,50240f49-24ac-40c5-99bb-b9d50fddf8b5.jpg
795,nothotdog,1,hotdognothotdogfull/nothotdog_297.jpg,164ace87-5556-4aef-9e39-c490f2b59d50.jpg
796,nothotdog,1,hotdognothotdogfull/nothotdog_298.jpg,698fc3e3-8337-42d3-a354-11ae9f063d1e.jpg
797,nothotdog,1,hotdognothotdogfull/nothotdog_299.jpg,3be99469-2c02-4839-bc12-ca79fcabe074.jpg
798,nothotdog,1,hotdognothotdogfull/nothotdog_300.jpg,5e64712d-826a-4844-873b-03cc52de15b6.jpg
799,nothotdog,1,hotdognothotdogfull/nothotdog_301.jpg,755f0548-a818-4fb8-b2fb-75b0cb6eb7a5.jpg
800,nothotdog,1,hotdognothotdogfull/nothotdog_302.jpg,5a33f832-83dd-4896-a001-06d5aa21c4b9.jpg
801,nothotdog,1,hotdognothotdogfull/nothotdog_303.jpg,9db1b4fe-d802-42db-b02d-ffb22a0af92e.jpg
802,nothotdog,1,hotdognothotdogfull/nothotdog_304.jpg,a0523fad-7a6f-4e44-b4ae-3b6528d9e893.jpg
803,nothotdog,1,hotdognothotdogfull/nothotdog_305.jpg,8cd61381-9946-49ef-9cee-6f12fee0eea7.jpg
804,nothotdog,1,hotdognothotdogfull/nothotdog_306.jpg,c099dbe8-46e8-494c-9c98-d5a0ffd28c4b.jpg
805,nothotdog,1,hotdognothotdogfull/nothotdog_307.jpg,b4ee3ca3-dea1-4bdc-bdf3-539be425e3b7.jpg
806,nothotdog,1,hotdognothotdogfull/nothotdog_308.jpg,e8a0f7c1-001e-458b-939e-5511856d3050.jpg
807,nothotdog,1,hotdognothotdogfull/nothotdog_309.jpg,1c8c53b7-298c-43fe-9aa9-f3b26a1d3793.jpg
808,nothotdog,1,hotdognothotdogfull/nothotdog_310.jpg,86d31e8b-c2b8-48a5-85cb-4108d4b0e6a3.jpg
809,nothotdog,1,hotdognothotdogfull/nothotdog_311.jpg,03b05a77-7497-4204-8491-563fea53acdc.jpg
810,nothotdog,1,hotdognothotdogfull/nothotdog_312.jpg,1ed1fbdd-6156-4710-9255-6381e856b956.jpg
811,nothotdog,1,hotdognothotdogfull/nothotdog_313.jpg,070e02bd-1fa7-45b1-8fee-fde100d13708.jpg
812,nothotdog,1,hotdognothotdogfull/nothotdog_314.jpg,1e4640aa-6fa9-4d1f-9879-488da47d30f0.jpg
813,nothotdog,1,hotdognothotdogfull/nothotdog_315.jpg,8fea39bb-e558-411f-ac5c-6e8a3fe22af1.jpg
814,nothotdog,1,hotdognothotdogfull/nothotdog_316.jpg,0fcde3c6-9fab-4a1c-ae06-630e3523f290.jpg
815,nothotdog,1,hotdognothotdogfull/nothotdog_317.jpg,de3e83f0-7e4e-44ce-a82f-092f448a495b.jpg
816,nothotdog,1,hotdognothotdogfull/nothotdog_318.jpg,e9f15ede-3381-4e4d-925f-28eb95f16a00.jpg
817,nothotdog,1,hotdognothotdogfull/nothotdog_319.jpg,c0e32358-efa1-4dbf-9df8-c8466ca57dab.jpg
818,nothotdog,1,hotdognothotdogfull/nothotdog_320.jpg,6a265531-c7dc-4d99-9b75-c750692e97ef.jpg
819,nothotdog,1,hotdognothotdogfull/nothotdog_321.jpg,be28db17-8c1d-404f-a719-46e5a40abfb2.jpg
820,nothotdog,1,hotdognothotdogfull/nothotdog_322.jpg,e73ba1d5-daac-426e-b060-4e73fbf4eb36.jpg
821,nothotdog,1,hotdognothotdogfull/nothotdog_323.jpg,f48f8581-ce5f-4b22-af80-7d7892e63d48.jpg
822,nothotdog,1,hotdognothotdogfull/nothotdog_324.jpg,2e80a814-85a4-4abe-a2c7-60d267b608b2.jpg
823,nothotdog,1,hotdognothotdogfull/nothotdog_325.jpg,3e77921b-c9f8-4da8-8f38-41eeb1d8d419.jpg
824,nothotdog,1,hotdognothotdogfull/nothotdog_326.jpg,32655519-e0a0-4e9b-998a-b11a1de081c3.jpg
825,nothotdog,1,hotdognothotdogfull/nothotdog_327.jpg,bb6d0222-ac13-4888-99a7-18bac4dcc600.jpg
826,nothotdog,1,hotdognothotdogfull/nothotdog_328.jpg,bb2c4b0f-f4a1-413e-9748-1b011c6f0db4.jpg
827,nothotdog,1,hotdognothotdogfull/nothotdog_329.jpg,2a9b73e4-bec1-43f2-9958-2ed891d4c585.jpg
828,nothotdog,1,hotdognothotdogfull/nothotdog_330.jpg,a2644088-f0f3-4d53-8090-3e69dc11caf3.jpg
829,nothotdog,1,hotdognothotdogfull/nothotdog_331.jpg,df460c70-26db-42d4-a6d3-b1c8d7c599b5.jpg
830,nothotdog,1,hotdognothotdogfull/nothotdog_332.jpg,8cdd3be1-4806-4923-bd93-9094196e532d.jpg
831,nothotdog,1,hotdognothotdogfull/nothotdog_333.jpg,ebbfa001-3b57-4ce6-afd6-35dfe09999a5.jpg
832,nothotdog,1,hotdognothotdogfull/nothotdog_334.jpg,c73c6c14-c20b-4ced-a9d4-80213a830819.jpg
833,nothotdog,1,hotdognothotdogfull/nothotdog_335.jpg,06da477f-3d8c-4945-85b6-cb2d342c442a.jpg
834,nothotdog,1,hotdognothotdogfull/nothotdog_336.jpg,59f3f12e-cc2a-4262-b2ac-bee5eaa4227c.jpg
835,nothotdog,1,hotdognothotdogfull/nothotdog_337.jpg,c982daeb-0cff-4a11-8e0b-0f5df824e5b6.jpg
836,nothotdog,1,hotdognothotdogfull/nothotdog_338.jpg,28029d37-830b-4646-ab63-ddef39f21ca8.jpg
837,nothotdog,1,hotdognothotdogfull/nothotdog_339.jpg,a6d63ee7-b28c-4d0e-82c4-01a00c3fc074.jpg
838,nothotdog,1,hotdognothotdogfull/nothotdog_340.jpg,cee709bd-ddb5-4e97-aaa6-cf398db9a9b1.jpg
839,nothotdog,1,hotdognothotdogfull/nothotdog_341.jpg,f325ef7f-4ebe-4a71-9cfc-786a9f658f52.jpg
840,nothotdog,1,hotdognothotdogfull/nothotdog_342.jpg,725df781-f119-4e8e-b542-d5f85988b18d.jpg
841,nothotdog,1,hotdognothotdogfull/nothotdog_343.jpg,3a713e7a-7404-4d10-8d32-ec7eb1cde0bd.jpg
842,nothotdog,1,hotdognothotdogfull/nothotdog_344.jpg,ccf9795c-2980-4424-88a3-ded62fa67dce.jpg
843,nothotdog,1,hotdognothotdogfull/nothotdog_345.jpg,6852d90a-65a0-49f2-b321-00aeb4aaed87.jpg
844,nothotdog,1,hotdognothotdogfull/nothotdog_346.jpg,20c59083-1764-4929-a8e1-e1e0d0e9f190.jpg
845,nothotdog,1,hotdognothotdogfull/nothotdog_347.jpg,da952392-dfc8-4953-9adb-87cbaacbe353.jpg
846,nothotdog,1,hotdognothotdogfull/nothotdog_348.jpg,751f0dcb-ad29-4597-8500-8286f2bd4eb3.jpg
847,nothotdog,1,hotdognothotdogfull/nothotdog_349.jpg,f4f2bdaa-ac8d-4f0a-836d-6044cd41277d.jpg
848,nothotdog,1,hotdognothotdogfull/nothotdog_350.jpg,f434dce7-8dc0-49d7-a730-fd01842df2a9.jpg
849,nothotdog,1,hotdognothotdogfull/nothotdog_351.jpg,d24c239c-9652-4c1e-a60e-1aef84180a20.jpg
850,nothotdog,1,hotdognothotdogfull/nothotdog_352.jpg,58a7ad98-6f2f-4d79-916b-ea3a8e58c761.jpg
851,nothotdog,1,hotdognothotdogfull/nothotdog_353.jpg,d6c121a7-249a-42a6-9cb9-8c76452433ec.jpg
852,nothotdog,1,hotdognothotdogfull/nothotdog_354.jpg,320c4c33-a1e8-4d55-b1b4-aabc41248691.jpg
853,nothotdog,1,hotdognothotdogfull/nothotdog_355.jpg,358b7657-786f-4a55-84a4-1d8fd1310997.jpg
854,nothotdog,1,hotdognothotdogfull/nothotdog_356.jpg,49948438-6988-41e5-ab9e-b0f9970942d9.jpg
855,nothotdog,1,hotdognothotdogfull/nothotdog_357.jpg,2f69896a-227b-46f1-b36d-178ddf5a8b75.jpg
856,nothotdog,1,hotdognothotdogfull/nothotdog_358.jpg,7c55774b-8bd7-4545-a5bc-9971f932854d.jpg
857,nothotdog,1,hotdognothotdogfull/nothotdog_359.jpg,6501b589-a8f1-401a-b910-5a224182b57d.jpg
858,nothotdog,1,hotdognothotdogfull/nothotdog_360.jpg,5ec358c0-b04d-4cf4-b444-3dc75167a40c.jpg
859,nothotdog,1,hotdognothotdogfull/nothotdog_361.jpg,bdf7b6b0-4535-4eb0-bcc4-d794b435a76d.jpg
860,nothotdog,1,hotdognothotdogfull/nothotdog_362.jpg,5342382e-e198-4cfd-bfdc-23408bb60e01.jpg
861,nothotdog,1,hotdognothotdogfull/nothotdog_363.jpg,c33cc720-bc96-44b4-a10c-83ad0e22f81a.jpg
862,nothotdog,1,hotdognothotdogfull/nothotdog_364.jpg,af7ebb78-860c-4567-b2b0-169dae414192.jpg
863,nothotdog,1,hotdognothotdogfull/nothotdog_365.jpg,b0fd92ed-c55e-461a-b1e7-655b87ea54c5.jpg
864,nothotdog,1,hotdognothotdogfull/nothotdog_366.jpg,fbeef6a2-ab11-42e8-8859-b7705a50c868.jpg
865,nothotdog,1,hotdognothotdogfull/nothotdog_367.jpg,4daa7dde-2a72-49f4-a3be-2aed337a04b6.jpg
866,nothotdog,1,hotdognothotdogfull/nothotdog_368.jpg,4fc5b84b-4cef-4f10-ae08-16ff3c2f64a6.jpg
867,nothotdog,1,hotdognothotdogfull/nothotdog_369.jpg,81d7cf8e-02bb-4fa1-b2f8-73a02ca9d451.jpg
868,nothotdog,1,hotdognothotdogfull/nothotdog_370.jpg,35f7acd3-6605-4ca3-b58c-d0c266757579.jpg
869,nothotdog,1,hotdognothotdogfull/nothotdog_371.jpg,f56133d7-4f18-492e-9990-7262d1d2b10e.jpg
870,nothotdog,1,hotdognothotdogfull/nothotdog_372.jpg,4537237d-bbd0-4945-b8fb-cfdd7eedb717.jpg
871,nothotdog,1,hotdognothotdogfull/nothotdog_373.jpg,7e883cd1-533a-444f-840f-9c45d6ebef19.jpg
872,nothotdog,1,hotdognothotdogfull/nothotdog_374.jpg,918b396f-f4bf-4726-b906-75651d05f8d0.jpg
873,nothotdog,1,hotdognothotdogfull/nothotdog_375.jpg,c953679a-be85-4055-bce1-075d6aa7882e.jpg
874,nothotdog,1,hotdognothotdogfull/nothotdog_376.jpg,3198c8fe-7761-4fce-8a91-3601ab75a3ac.jpg
875,nothotdog,1,hotdognothotdogfull/nothotdog_377.jpg,31650b2f-0953-472f-8dba-2b6c756bde71.jpg
876,nothotdog,1,hotdognothotdogfull/nothotdog_378.jpg,5c6441ef-1cd7-4f2b-886b-6444b5310c5e.jpg
877,nothotdog,1,hotdognothotdogfull/nothotdog_379.jpg,9223321c-ae85-4ebe-bace-351adc9b30ae.jpg
878,nothotdog,1,hotdognothotdogfull/nothotdog_380.jpg,80ecd861-5add-453f-b753-e6727464ee68.jpg
879,nothotdog,1,hotdognothotdogfull/nothotdog_381.jpg,f0eea3cc-5bf8-48aa-aac6-1ea5b04092ef.jpg
880,nothotdog,1,hotdognothotdogfull/nothotdog_382.jpg,798ef5f2-c1f5-4593-9dc2-e321be446da0.jpg
881,nothotdog,1,hotdognothotdogfull/nothotdog_383.jpg,a5c02332-ed31-4970-966c-11b3c1d187f7.jpg
882,nothotdog,1,hotdognothotdogfull/nothotdog_384.jpg,0b3b5627-bf9a-4a8a-979d-039ebdfef6e7.jpg
883,nothotdog,1,hotdognothotdogfull/nothotdog_385.jpg,95549ff5-8bb1-44af-852b-510c58bcbd78.jpg
884,nothotdog,1,hotdognothotdogfull/nothotdog_386.jpg,647b9b78-610c-4fa4-b7aa-188275981541.jpg
885,nothotdog,1,hotdognothotdogfull/nothotdog_387.jpg,cf9cd351-aad3-45e3-aa1d-a3fe005af966.jpg
886,nothotdog,1,hotdognothotdogfull/nothotdog_388.jpg,63a841a4-40c4-499c-8bd2-c7a1e38da6c6.jpg
887,nothotdog,1,hotdognothotdogfull/nothotdog_389.jpg,2a9c86a5-1457-4c28-9dc5-d91cd2b274c2.jpg
888,nothotdog,1,hotdognothotdogfull/nothotdog_390.jpg,014f11fd-da3f-474f-bf3c-1acb519393f9.jpg
889,nothotdog,1,hotdognothotdogfull/nothotdog_391.jpg,444405e7-dabb-4060-ab33-679aebdbab0f.jpg
890,nothotdog,1,hotdognothotdogfull/nothotdog_392.jpg,9ed7210f-2617-43ef-842a-7b503fddfc45.jpg
891,nothotdog,1,hotdognothotdogfull/nothotdog_393.jpg,6e0737cb-3178-4ebe-8da1-4fdb46e31ea5.jpg
892,nothotdog,1,hotdognothotdogfull/nothotdog_394.jpg,53d91dcd-4498-4809-acb0-49561173fbd4.jpg
893,nothotdog,1,hotdognothotdogfull/nothotdog_395.jpg,57523d6c-e7dc-4939-b678-fabb1c2cb19a.jpg
894,nothotdog,1,hotdognothotdogfull/nothotdog_396.jpg,ca3d9373-bd53-450c-9812-6a0364471840.jpg
895,nothotdog,1,hotdognothotdogfull/nothotdog_397.jpg,ac0263a0-068b-470a-8098-299bc1894566.jpg
896,nothotdog,1,hotdognothotdogfull/nothotdog_398.jpg,98679b04-ce72-4207-bf77-1376756a6b85.jpg
897,nothotdog,1,hotdognothotdogfull/nothotdog_399.jpg,e977d1de-7f4b-4fdf-a892-fd0f1a2ade5a.jpg
898,nothotdog,1,hotdognothotdogfull/nothotdog_400.jpg,20457639-9574-4f3e-9a1d-e9c2c16071e5.jpg
899,nothotdog,1,hotdognothotdogfull/nothotdog_401.jpg,fbf25935-1dd5-4a15-80ae-7ea23d8cb1f4.jpg
900,nothotdog,1,hotdognothotdogfull/nothotdog_402.jpg,4d4941dc-821d-47dd-a694-2ec8727eb66d.jpg
901,nothotdog,1,hotdognothotdogfull/nothotdog_403.jpg,33f8fa73-c250-434d-a1cf-d6219d1c3975.jpg
902,nothotdog,1,hotdognothotdogfull/nothotdog_404.jpg,7baf4586-d991-4d68-a945-8fc188b13236.jpg
903,nothotdog,1,hotdognothotdogfull/nothotdog_405.jpg,bc8ab7af-3898-4d8d-b568-d01892cad47d.jpg
904,nothotdog,1,hotdognothotdogfull/nothotdog_406.jpg,8da47876-082c-4917-957d-1c034c8a97ab.jpg
905,nothotdog,1,hotdognothotdogfull/nothotdog_407.jpg,0d2fe0cd-25b0-412f-8839-3363f747a123.jpg
906,nothotdog,1,hotdognothotdogfull/nothotdog_408.jpg,877ca135-c687-4976-b29b-29322908903a.jpg
907,nothotdog,1,hotdognothotdogfull/nothotdog_409.jpg,f33ed9ca-f7a5-42e7-95de-fbeb8834be7c.jpg
908,nothotdog,1,hotdognothotdogfull/nothotdog_410.jpg,e68925ab-c9db-469f-b650-c086e5a15969.jpg
909,nothotdog,1,hotdognothotdogfull/nothotdog_411.jpg,ac4e2543-41ba-4d85-9924-fa8dd39011b1.jpg
910,nothotdog,1,hotdognothotdogfull/nothotdog_412.jpg,2530ff0f-e312-4e0f-b45f-7cd38e32d999.jpg
911,nothotdog,1,hotdognothotdogfull/nothotdog_413.jpg,7dd435be-aa64-4170-92b9-4a4a5b746609.jpg
912,nothotdog,1,hotdognothotdogfull/nothotdog_414.jpg,377bc8e7-f8f7-4388-b873-04fd0d76049b.jpg
913,nothotdog,1,hotdognothotdogfull/nothotdog_415.jpg,82b52e10-de38-4423-ae96-53be73ba9224.jpg
914,nothotdog,1,hotdognothotdogfull/nothotdog_416.jpg,83450d67-4959-421f-967d-169da2db16b9.jpg
915,nothotdog,1,hotdognothotdogfull/nothotdog_417.jpg,c3c7c479-b8fc-4ba8-8879-0472091f8b41.jpg
916,nothotdog,1,hotdognothotdogfull/nothotdog_418.jpg,f305327a-13b5-4cd3-8b78-82d572253980.jpg
917,nothotdog,1,hotdognothotdogfull/nothotdog_419.jpg,fbe71442-5a8e-491e-b7af-fe03c317d8cd.jpg
918,nothotdog,1,hotdognothotdogfull/nothotdog_420.jpg,26b05143-d992-4c72-9635-6bc7fa29cd55.jpg
919,nothotdog,1,hotdognothotdogfull/nothotdog_421.jpg,1b9b10aa-4b0f-4e1e-bdb3-4b993a9d53ed.jpg
920,nothotdog,1,hotdognothotdogfull/nothotdog_422.jpg,693b9090-2da5-4d39-ad74-2d562fea77b7.jpg
921,nothotdog,1,hotdognothotdogfull/nothotdog_423.jpg,2e549701-0a1e-432a-8260-d5bc0aa75b8b.jpg
922,nothotdog,1,hotdognothotdogfull/nothotdog_424.jpg,aa351b2e-5fda-4413-a823-29244e2ebdd3.jpg
923,nothotdog,1,hotdognothotdogfull/nothotdog_425.jpg,3e4ccdc8-8cb2-45c2-b0c4-b786ee5511d8.jpg
924,nothotdog,1,hotdognothotdogfull/nothotdog_426.jpg,e286f576-2025-4047-8e8f-499b1740c5a8.jpg
925,nothotdog,1,hotdognothotdogfull/nothotdog_427.jpg,b0274afc-302e-4bea-aac3-98dfd79858e8.jpg
926,nothotdog,1,hotdognothotdogfull/nothotdog_428.jpg,8f72567e-a72a-42dd-87e1-0da9ab3d67c0.jpg
927,nothotdog,1,hotdognothotdogfull/nothotdog_429.jpg,adc03b1a-8fcf-4d19-925d-ada32da87913.jpg
928,nothotdog,1,hotdognothotdogfull/nothotdog_430.jpg,d2ab5ef4-4bb3-45fd-aadd-15dc583648e0.jpg
929,nothotdog,1,hotdognothotdogfull/nothotdog_431.jpg,e1b52b23-2800-48c9-b206-00045518f53c.jpg
930,nothotdog,1,hotdognothotdogfull/nothotdog_432.jpg,1a300860-0164-4ae9-9852-5b7c5973c458.jpg
931,nothotdog,1,hotdognothotdogfull/nothotdog_433.jpg,e5b43372-0e30-4884-a2f9-d15909c63718.jpg
932,nothotdog,1,hotdognothotdogfull/nothotdog_434.jpg,ca18eb42-82f8-48f1-8d53-c74360acac4a.jpg
933,nothotdog,1,hotdognothotdogfull/nothotdog_435.jpg,dc92beb2-218e-4fb3-bb3c-562e21ab1325.jpg
934,nothotdog,1,hotdognothotdogfull/nothotdog_436.jpg,6c6a3735-059a-4e28-b3dc-d060b05e9793.jpg
935,nothotdog,1,hotdognothotdogfull/nothotdog_437.jpg,9bdc3516-0375-4f75-b4d3-33b84902d516.jpg
936,nothotdog,1,hotdognothotdogfull/nothotdog_438.jpg,6ed4d445-c15b-41d0-baa9-326f21cff2de.jpg
937,nothotdog,1,hotdognothotdogfull/nothotdog_439.jpg,344d8b37-7c99-47d7-acb6-0b213833fa85.jpg
938,nothotdog,1,hotdognothotdogfull/nothotdog_440.jpg,d96e921e-2194-40f7-89fe-32566210d334.jpg
939,nothotdog,1,hotdognothotdogfull/nothotdog_441.jpg,9a29e7b4-9328-430a-933d-0a2f2579b3c4.jpg
940,nothotdog,1,hotdognothotdogfull/nothotdog_442.jpg,6e49081c-d3bc-4f79-89d4-5fb768e355a5.jpg
941,nothotdog,1,hotdognothotdogfull/nothotdog_443.jpg,efd91a77-550b-4b05-b803-fcc192162ddc.jpg
942,nothotdog,1,hotdognothotdogfull/nothotdog_444.jpg,ed6fc762-5272-4803-9756-5911568fa109.jpg
943,nothotdog,1,hotdognothotdogfull/nothotdog_445.jpg,3f27d6f1-e8ad-4ae8-84c5-db3d573ab13a.jpg
944,nothotdog,1,hotdognothotdogfull/nothotdog_446.jpg,d459272c-90bf-4c56-9406-1eb9d59f027b.jpg
945,nothotdog,1,hotdognothotdogfull/nothotdog_447.jpg,72da3c16-3c69-4c6f-9fb5-f48ace2f77db.jpg
946,nothotdog,1,hotdognothotdogfull/nothotdog_448.jpg,6f5166a2-e55b-4665-a62a-fbff1f2f8cfa.jpg
947,nothotdog,1,hotdognothotdogfull/nothotdog_449.jpg,fbdf2956-de29-4d4c-897d-de94e33c44a7.jpg
948,nothotdog,1,hotdognothotdogfull/nothotdog_450.jpg,e855761f-629b-48c3-991d-4fdd743eb87f.jpg
949,nothotdog,1,hotdognothotdogfull/nothotdog_451.jpg,d2b88489-851a-4a4c-bd15-ad7563e07935.jpg
950,nothotdog,1,hotdognothotdogfull/nothotdog_452.jpg,16cfc105-512f-45ed-9e98-b1cff540c7ea.jpg
951,nothotdog,1,hotdognothotdogfull/nothotdog_453.jpg,68d28a9a-1227-4058-8d3f-2ec0a2445ef7.jpg
952,nothotdog,1,hotdognothotdogfull/nothotdog_454.jpg,86eb1b50-e350-4585-b961-a7d37bc4b8bf.jpg
953,nothotdog,1,hotdognothotdogfull/nothotdog_455.jpg,01203a22-091b-4784-8869-6d6bcf204115.jpg
954,nothotdog,1,hotdognothotdogfull/nothotdog_456.jpg,3aa2e570-ac9d-44ae-a26b-1ac879b42aef.jpg
955,nothotdog,1,hotdognothotdogfull/nothotdog_457.jpg,6ead1754-fb0d-4768-ab50-14d9195b5fc8.jpg
956,nothotdog,1,hotdognothotdogfull/nothotdog_458.jpg,ff7c4092-9553-4602-8630-a9bfa65322cf.jpg
957,nothotdog,1,hotdognothotdogfull/nothotdog_459.jpg,d6e83247-922b-42d9-99ac-ce3406661662.jpg
958,nothotdog,1,hotdognothotdogfull/nothotdog_460.jpg,956207bf-775a-449d-b4bd-f97c45cf90e7.jpg
959,nothotdog,1,hotdognothotdogfull/nothotdog_461.jpg,7d53091b-5258-48c0-95ce-412e3c521847.jpg
960,nothotdog,1,hotdognothotdogfull/nothotdog_462.jpg,f3a0bbf5-c8a2-4239-8566-6f3d3e49b635.jpg
961,nothotdog,1,hotdognothotdogfull/nothotdog_463.jpg,9e94a114-86c8-4d20-a677-c7021f67319e.jpg
962,nothotdog,1,hotdognothotdogfull/nothotdog_464.jpg,82fd7aa9-7585-4c0e-ba10-c647460ec2a3.jpg
963,nothotdog,1,hotdognothotdogfull/nothotdog_465.jpg,805582e9-9c33-492c-9852-e50eeed7b383.jpg
964,nothotdog,1,hotdognothotdogfull/nothotdog_466.jpg,7b7652dd-a1fc-4056-9fa6-7dd269b5746e.jpg
965,nothotdog,1,hotdognothotdogfull/nothotdog_467.jpg,486ad10f-7211-4b5f-a95f-053b56c0ed38.jpg
966,nothotdog,1,hotdognothotdogfull/nothotdog_468.jpg,ec967b97-8282-4d7f-81e0-9cbf2e3a67fe.jpg
967,nothotdog,1,hotdognothotdogfull/nothotdog_469.jpg,4e2402fc-00b1-4008-a66b-fc3b1c717938.jpg
968,nothotdog,1,hotdognothotdogfull/nothotdog_470.jpg,b115f25a-fcf1-4c45-b7d7-5d3df7c6782b.jpg
969,nothotdog,1,hotdognothotdogfull/nothotdog_471.jpg,ccc84941-0afa-4eb9-9a2e-bd6559b8e799.jpg
970,nothotdog,1,hotdognothotdogfull/nothotdog_472.jpg,2900a873-fd3c-464a-912e-08ed98595b44.jpg
971,nothotdog,1,hotdognothotdogfull/nothotdog_473.jpg,7e1080d5-b6c9-4d3b-9755-1592555bf125.jpg
972,nothotdog,1,hotdognothotdogfull/nothotdog_474.jpg,f4d55220-81b3-4f5b-919c-06ad855fa9f0.jpg
973,nothotdog,1,hotdognothotdogfull/nothotdog_475.jpg,7159c3cd-5f54-429c-b337-a4a47a7bd543.jpg
974,nothotdog,1,hotdognothotdogfull/nothotdog_476.jpg,b9e793c2-e224-4a00-9a10-1963b750d375.jpg
975,nothotdog,1,hotdognothotdogfull/nothotdog_477.jpg,da9fc2a5-e87c-483c-9912-b0553985cbea.jpg
976,nothotdog,1,hotdognothotdogfull/nothotdog_478.jpg,603568dc-da86-4b68-ba8c-db015fd5393f.jpg
977,nothotdog,1,hotdognothotdogfull/nothotdog_479.jpg,2b7fc222-71ab-4652-b3bf-b5924acea621.jpg
978,nothotdog,1,hotdognothotdogfull/nothotdog_480.jpg,0c3575f9-492f-4774-87b3-328b583dd7cf.jpg
979,nothotdog,1,hotdognothotdogfull/nothotdog_481.jpg,5bd3eb0c-af5e-4f13-b6fa-b9947fd3219e.jpg
980,nothotdog,1,hotdognothotdogfull/nothotdog_482.jpg,8f9dba46-7235-4337-a08a-64ab51e41e88.jpg
981,nothotdog,1,hotdognothotdogfull/nothotdog_483.jpg,6b7cd4c8-efa6-4d53-84fe-8cf66ec02064.jpg
982,nothotdog,1,hotdognothotdogfull/nothotdog_484.jpg,f62ba4ba-786b-480b-9aa8-038dabf91ad9.jpg
983,nothotdog,1,hotdognothotdogfull/nothotdog_485.jpg,685e15df-38d2-4458-a7b8-6cb7ddbc7c3a.jpg
984,nothotdog,1,hotdognothotdogfull/nothotdog_486.jpg,3cddcbfe-47c2-410d-bda6-b31699168343.jpg
985,nothotdog,1,hotdognothotdogfull/nothotdog_487.jpg,e17b510f-7cc5-45bf-8abd-ce8ca202c08b.jpg
986,nothotdog,1,hotdognothotdogfull/nothotdog_488.jpg,5a88c7ad-c68c-4a44-b3bd-5d07957cd29e.jpg
987,nothotdog,1,hotdognothotdogfull/nothotdog_489.jpg,a04253a2-1863-4e31-add5-3415ec58ebc0.jpg
988,nothotdog,1,hotdognothotdogfull/nothotdog_490.jpg,804aaa14-6d3d-4501-962b-4c3c813507f4.jpg
989,nothotdog,1,hotdognothotdogfull/nothotdog_491.jpg,117ef8e7-ccdf-432d-9d2e-d1f049bf7a6d.jpg
990,nothotdog,1,hotdognothotdogfull/nothotdog_492.jpg,dcbfa5f1-3965-46eb-b5ff-2288b264caaa.jpg
991,nothotdog,1,hotdognothotdogfull/nothotdog_493.jpg,c19697ba-3f20-48bc-8e18-1352acbd5fb3.jpg
992,nothotdog,1,hotdognothotdogfull/nothotdog_494.jpg,1ba2245b-788b-4a0a-b9c2-4ee44b7f7d35.jpg
993,nothotdog,1,hotdognothotdogfull/nothotdog_495.jpg,355c6ff0-6550-48ec-b3ab-66e3f3ded218.jpg
994,nothotdog,1,hotdognothotdogfull/nothotdog_496.jpg,04baf540-1362-4d77-92aa-52ae3786b746.jpg
995,nothotdog,1,hotdognothotdogfull/nothotdog_497.jpg,770a18fc-4014-4304-bca2-8b8a6f99c9ec.jpg
996,nothotdog,1,hotdognothotdogfull/nothotdog_498.jpg,7fc7aa3e-7f3e-4071-be8c-594683bbea21.jpg
